rider_id,vehicle_type,zone,join_date,rating
20001,มอเตอร์ไซค์,ห้วยขวาง,2022-11-13,4.16
20002,มอเตอร์ไซค์,ลาดพร้าว,2023-06-05,4.63
20003,มอเตอร์ไซค์,บางกะปิ,2023-10-11,4.37
20004,มอเตอร์ไซค์,คลองเตย,2024-06-19,4.31
20005,มอเตอร์ไซค์,ดินแดง,2023-05-09,4.34
20006,มอเตอร์ไซค์,จตุจักร,2022-08-20,4.46
20007,มอเตอร์ไซค์,บางนา,2023-10-11,3.91
20008,มอเตอร์ไซค์,ดินแดง,2024-03-19,4.18
20009,มอเตอร์ไซค์,บางรัก,2022-10-18,4.0
20010,มอเตอร์ไซค์,จตุจักร,2023-07-27,4.45
20011,มอเตอร์ไซค์,ห้วยขวาง,2023-03-25,4.59
20012,จักรยาน,บางกะปิ,2022-09-27,4.27
20013,มอเตอร์ไซค์,บางกะปิ,2022-12-12,4.39
20014,มอเตอร์ไซค์,บางนา,2023-03-06,3.59
20015,มอเตอร์ไซค์,วัฒนา,2022-12-25,4.45
20016,มอเตอร์ไซค์,พญาไท,2023-09-28,4.31
20017,มอเตอร์ไซค์,จตุจักร,2023-07-20,4.44
20018,จักรยาน,บางรัก,2023-06-23,4.77
20019,มอเตอร์ไซค์,ห้วยขวาง,2023-12-18,4.41
20020,มอเตอร์ไซค์,ลาดพร้าว,2023-12-05,3.88
20021,มอเตอร์ไซค์,พญาไท,2023-10-30,4.06
20022,มอเตอร์ไซค์,สาทร,2023-10-03,4.52
20023,มอเตอร์ไซค์,บางรัก,2023-11-28,4.38
20024,มอเตอร์ไซค์,วัฒนา,2024-02-03,4.51
20025,มอเตอร์ไซค์,สวนหลวง,2022-06-22,4.55
20026,มอเตอร์ไซค์,พญาไท,2024-07-14,4.42
20027,มอเตอร์ไซค์,ลาดพร้าว,2023-06-07,3.91
20028,มอเตอร์ไซค์,ลาดพร้าว,2023-06-30,3.89
20029,มอเตอร์ไซค์,ห้วยขวาง,2022-10-08,4.76
20030,มอเตอร์ไซค์,ห้วยขวาง,2024-02-28,4.11
20031,มอเตอร์ไซค์,วัฒนา,2024-02-17,4.06
20032,มอเตอร์ไซค์,สวนหลวง,2023-07-06,4.69
20033,มอเตอร์ไซค์,จตุจักร,2022-07-04,4.0
20034,มอเตอร์ไซค์,จตุจักร,2023-08-14,4.42
20035,มอเตอร์ไซค์,บางกะปิ,2023-04-17,4.41
20036,มอเตอร์ไซค์,สวนหลวง,2022-10-28,4.39
20037,มอเตอร์ไซค์,ห้วยขวาง,2022-08-02,4.93
20038,มอเตอร์ไซค์,บางรัก,2024-01-28,4.7
20039,มอเตอร์ไซค์,คลองเตย,2023-11-01,4.47
20040,มอเตอร์ไซค์,คลองเตย,2023-07-05,4.18
20041,มอเตอร์ไซค์,บางกะปิ,2023-07-21,3.83
20042,มอเตอร์ไซค์,ดินแดง,2023-03-13,4.24
20043,มอเตอร์ไซค์,วัฒนา,2022-11-05,4.49
20044,มอเตอร์ไซค์,สวนหลวง,2023-01-25,4.71
20045,มอเตอร์ไซค์,ห้วยขวาง,2022-10-05,5.0
20046,รถยนต์,จตุจักร,2023-05-15,4.15
20047,มอเตอร์ไซค์,บางนา,2024-07-05,4.55
20048,มอเตอร์ไซค์,ลาดพร้าว,2022-12-13,3.96
20049,มอเตอร์ไซค์,บางรัก,2023-09-17,4.2
20050,มอเตอร์ไซค์,วัฒนา,2023-08-01,4.17
20051,มอเตอร์ไซค์,บางนา,2024-07-11,4.45
20052,มอเตอร์ไซค์,ลาดพร้าว,2023-06-08,4.43
20053,มอเตอร์ไซค์,บางกะปิ,2023-05-12,4.4
20054,มอเตอร์ไซค์,บางนา,2024-04-29,4.74
20055,มอเตอร์ไซค์,สาทร,2023-11-13,3.95
20056,จักรยาน,สวนหลวง,2022-07-29,4.77
20057,มอเตอร์ไซค์,จตุจักร,2023-09-23,4.33
20058,มอเตอร์ไซค์,วัฒนา,2024-07-07,5.0
20059,มอเตอร์ไซค์,ดินแดง,2023-01-02,4.86
20060,รถยนต์,บางรัก,2022-10-06,4.6
20061,มอเตอร์ไซค์,คลองเตย,2022-06-18,4.34
20062,มอเตอร์ไซค์,ลาดพร้าว,2022-08-26,3.7
20063,มอเตอร์ไซค์,บางกะปิ,2022-10-01,4.58
20064,มอเตอร์ไซค์,บางนา,2023-07-08,4.75
20065,มอเตอร์ไซค์,ลาดพร้าว,2023-04-07,4.24
20066,มอเตอร์ไซค์,สาทร,2022-11-14,4.9
20067,จักรยาน,ห้วยขวาง,2023-04-18,4.21
20068,มอเตอร์ไซค์,ห้วยขวาง,2022-11-08,4.41
20069,มอเตอร์ไซค์,บางนา,2023-03-08,4.51
20070,จักรยาน,บางกะปิ,2022-12-30,4.67
20071,มอเตอร์ไซค์,บางนา,2024-06-14,3.62
20072,มอเตอร์ไซค์,สวนหลวง,2023-08-07,4.84
20073,มอเตอร์ไซค์,บางนา,2023-12-20,4.33
20074,มอเตอร์ไซค์,บางนา,2022-11-22,4.38
20075,มอเตอร์ไซค์,บางนา,2022-12-29,4.96
20076,จักรยาน,ห้วยขวาง,2023-06-20,3.99
20077,มอเตอร์ไซค์,คลองเตย,2022-10-05,4.99
20078,มอเตอร์ไซค์,ห้วยขวาง,2022-12-11,4.48
20079,มอเตอร์ไซค์,ห้วยขวาง,2023-10-10,4.3
20080,มอเตอร์ไซค์,ลาดพร้าว,2023-12-10,3.96
20081,มอเตอร์ไซค์,ลาดพร้าว,2023-08-22,4.08
20082,มอเตอร์ไซค์,วัฒนา,2022-09-19,4.49
20083,มอเตอร์ไซค์,บางนา,2022-12-28,4.6
20084,รถยนต์,พญาไท,2024-03-19,4.44
20085,รถยนต์,คลองเตย,2023-01-27,4.08
20086,มอเตอร์ไซค์,บางนา,2023-10-01,4.3
20087,มอเตอร์ไซค์,พญาไท,2024-01-11,4.22
20088,จักรยาน,บางกะปิ,2024-03-31,4.51
20089,มอเตอร์ไซค์,บางรัก,2023-04-21,4.36
20090,มอเตอร์ไซค์,บางนา,2024-05-13,4.16
20091,มอเตอร์ไซค์,สวนหลวง,2023-04-08,4.42
20092,มอเตอร์ไซค์,ดินแดง,2022-07-08,4.38
20093,มอเตอร์ไซค์,วัฒนา,2023-06-17,3.92
20094,มอเตอร์ไซค์,ดินแดง,2023-03-01,4.68
20095,มอเตอร์ไซค์,บางกะปิ,2022-12-10,3.71
20096,มอเตอร์ไซค์,บางกะปิ,2022-12-03,4.24
20097,มอเตอร์ไซค์,ลาดพร้าว,2024-01-06,4.94
20098,มอเตอร์ไซค์,ลาดพร้าว,2024-01-06,4.33
20099,มอเตอร์ไซค์,ห้วยขวาง,2022-07-28,4.29
20100,มอเตอร์ไซค์,สาทร,2023-05-22,3.57
20101,มอเตอร์ไซค์,พญาไท,2023-01-28,4.74
20102,มอเตอร์ไซค์,สวนหลวง,2022-07-09,4.13
20103,มอเตอร์ไซค์,สาทร,2024-01-06,4.93
20104,มอเตอร์ไซค์,บางนา,2022-12-13,5.0
20105,มอเตอร์ไซค์,บางกะปิ,2024-06-27,3.93
20106,รถยนต์,คลองเตย,2022-07-06,4.44
20107,มอเตอร์ไซค์,ลาดพร้าว,2024-01-26,4.11
20108,มอเตอร์ไซค์,จตุจักร,2023-05-01,4.97
20109,มอเตอร์ไซค์,ลาดพร้าว,2023-06-28,4.63
20110,รถยนต์,จตุจักร,2023-01-25,4.58
20111,มอเตอร์ไซค์,ลาดพร้าว,2022-08-23,4.81
20112,มอเตอร์ไซค์,ห้วยขวาง,2024-07-27,4.46
20113,มอเตอร์ไซค์,บางกะปิ,2023-05-29,4.08
20114,มอเตอร์ไซค์,บางนา,2023-03-30,4.4
20115,มอเตอร์ไซค์,คลองเตย,2024-07-09,4.49
20116,มอเตอร์ไซค์,ห้วยขวาง,2022-10-06,4.33
20117,มอเตอร์ไซค์,บางกะปิ,2023-11-13,4.08
20118,มอเตอร์ไซค์,ห้วยขวาง,2022-07-05,4.19
20119,มอเตอร์ไซค์,สวนหลวง,2022-12-09,3.92
20120,มอเตอร์ไซค์,สวนหลวง,2024-01-31,3.46
20121,มอเตอร์ไซค์,ลาดพร้าว,2023-01-02,3.84
20122,มอเตอร์ไซค์,สาทร,2022-11-14,4.54
20123,มอเตอร์ไซค์,คลองเตย,2024-02-20,4.72
20124,มอเตอร์ไซค์,พญาไท,2022-12-29,4.53
20125,มอเตอร์ไซค์,พญาไท,2022-06-12,4.14
20126,มอเตอร์ไซค์,ห้วยขวาง,2023-01-03,4.08
20127,จักรยาน,ห้วยขวาง,2024-05-16,3.4
20128,มอเตอร์ไซค์,ดินแดง,2024-03-07,4.66
20129,มอเตอร์ไซค์,คลองเตย,2023-05-23,4.51
20130,มอเตอร์ไซค์,ห้วยขวาง,2024-02-25,4.07
20131,มอเตอร์ไซค์,บางนา,2024-01-14,4.58
20132,มอเตอร์ไซค์,จตุจักร,2024-01-12,4.94
20133,มอเตอร์ไซค์,บางนา,2023-12-12,4.14
20134,มอเตอร์ไซค์,ห้วยขวาง,2022-07-25,4.61
20135,มอเตอร์ไซค์,บางนา,2023-11-09,4.29
20136,มอเตอร์ไซค์,บางนา,2023-09-05,4.66
20137,มอเตอร์ไซค์,สาทร,2024-03-23,3.91
20138,มอเตอร์ไซค์,จตุจักร,2024-01-18,3.77
20139,มอเตอร์ไซค์,สาทร,2023-03-08,4.44
20140,มอเตอร์ไซค์,บางกะปิ,2024-05-09,4.51
20141,มอเตอร์ไซค์,สวนหลวง,2024-01-16,4.82
20142,มอเตอร์ไซค์,ห้วยขวาง,2022-06-19,4.56
20143,มอเตอร์ไซค์,ดินแดง,2023-12-31,4.66
20144,มอเตอร์ไซค์,จตุจักร,2024-03-16,3.98
20145,รถยนต์,พญาไท,2023-06-03,4.61
20146,รถยนต์,จตุจักร,2022-06-09,4.86
20147,มอเตอร์ไซค์,ห้วยขวาง,2022-07-13,4.99
20148,มอเตอร์ไซค์,จตุจักร,2022-05-26,4.6
20149,มอเตอร์ไซค์,ดินแดง,2022-10-16,4.37
20150,มอเตอร์ไซค์,บางรัก,2024-07-19,4.3
20151,มอเตอร์ไซค์,วัฒนา,2023-02-27,4.63
20152,จักรยาน,บางนา,2023-07-31,4.7
20153,มอเตอร์ไซค์,วัฒนา,2023-08-19,4.23
20154,รถยนต์,สาทร,2022-08-21,3.62
20155,มอเตอร์ไซค์,ห้วยขวาง,2022-06-09,4.47
20156,รถยนต์,สาทร,2023-03-22,4.38
20157,รถยนต์,จตุจักร,2023-09-26,4.88
20158,รถยนต์,ห้วยขวาง,2023-05-26,4.41
20159,มอเตอร์ไซค์,ลาดพร้าว,2023-02-19,4.96
20160,รถยนต์,พญาไท,2024-06-21,4.69
20161,มอเตอร์ไซค์,ลาดพร้าว,2024-04-28,4.72
20162,มอเตอร์ไซค์,บางกะปิ,2024-07-14,4.61
20163,มอเตอร์ไซค์,ห้วยขวาง,2024-04-23,3.78
20164,มอเตอร์ไซค์,สวนหลวง,2023-03-06,3.46
20165,มอเตอร์ไซค์,ห้วยขวาง,2023-01-04,3.56
20166,มอเตอร์ไซค์,บางรัก,2023-10-27,4.33
20167,มอเตอร์ไซค์,พญาไท,2023-07-14,3.33
20168,รถยนต์,พญาไท,2022-08-08,4.89
20169,มอเตอร์ไซค์,คลองเตย,2023-12-02,3.85
20170,มอเตอร์ไซค์,จตุจักร,2024-03-27,4.48
20171,มอเตอร์ไซค์,วัฒนา,2023-11-22,4.14
20172,มอเตอร์ไซค์,สวนหลวง,2023-06-19,4.84
20173,มอเตอร์ไซค์,จตุจักร,2022-05-29,4.23
20174,มอเตอร์ไซค์,วัฒนา,2023-07-09,4.56
20175,มอเตอร์ไซค์,จตุจักร,2022-07-02,4.5
20176,มอเตอร์ไซค์,สาทร,2024-04-19,3.88
20177,มอเตอร์ไซค์,บางกะปิ,2024-03-05,4.26
20178,มอเตอร์ไซค์,วัฒนา,2023-03-29,4.5
20179,มอเตอร์ไซค์,บางรัก,2023-07-02,4.6
20180,มอเตอร์ไซค์,ดินแดง,2024-01-21,4.08
20181,มอเตอร์ไซค์,พญาไท,2023-10-30,4.25
20182,มอเตอร์ไซค์,สวนหลวง,2023-05-06,4.89
20183,มอเตอร์ไซค์,บางนา,2022-08-03,4.43
20184,มอเตอร์ไซค์,บางกะปิ,2022-12-18,4.09
20185,มอเตอร์ไซค์,ลาดพร้าว,2023-11-21,4.22
20186,รถยนต์,วัฒนา,2022-08-22,4.65
20187,มอเตอร์ไซค์,บางนา,2024-03-27,4.56
20188,รถยนต์,พญาไท,2022-10-20,4.39
20189,มอเตอร์ไซค์,จตุจักร,2023-10-28,4.85
20190,มอเตอร์ไซค์,สาทร,2022-06-30,4.54
20191,มอเตอร์ไซค์,สวนหลวง,2024-03-09,4.57
20192,มอเตอร์ไซค์,บางรัก,2024-01-11,4.52
20193,มอเตอร์ไซค์,จตุจักร,2022-09-14,4.54
20194,จักรยาน,วัฒนา,2022-11-13,4.04
20195,มอเตอร์ไซค์,จตุจักร,2022-06-12,3.26
20196,มอเตอร์ไซค์,บางกะปิ,2023-02-16,5.0
20197,มอเตอร์ไซค์,ดินแดง,2024-06-07,4.06
20198,มอเตอร์ไซค์,พญาไท,2023-05-11,4.0
20199,มอเตอร์ไซค์,ห้วยขวาง,2023-08-17,4.37
20200,รถยนต์,ห้วยขวาง,2022-08-16,4.29
20201,รถยนต์,ลาดพร้าว,2023-11-13,4.38
20202,มอเตอร์ไซค์,ห้วยขวาง,2022-10-28,3.72
20203,มอเตอร์ไซค์,บางกะปิ,2022-12-16,3.57
20204,มอเตอร์ไซค์,ลาดพร้าว,2024-02-16,4.12
20205,จักรยาน,วัฒนา,2023-07-28,4.28
20206,มอเตอร์ไซค์,ลาดพร้าว,2023-06-16,5.0
20207,มอเตอร์ไซค์,พญาไท,2023-12-21,3.99
20208,มอเตอร์ไซค์,ลาดพร้าว,2023-08-02,4.11
20209,มอเตอร์ไซค์,ลาดพร้าว,2024-07-05,4.0
20210,มอเตอร์ไซค์,ห้วยขวาง,2022-12-30,4.01
20211,มอเตอร์ไซค์,บางกะปิ,2022-12-22,4.87
20212,มอเตอร์ไซค์,บางนา,2022-09-16,4.58
20213,มอเตอร์ไซค์,ลาดพร้าว,2024-03-13,3.94
20214,มอเตอร์ไซค์,ห้วยขวาง,2023-03-24,4.08
20215,มอเตอร์ไซค์,คลองเตย,2024-02-05,5.0
20216,จักรยาน,ห้วยขวาง,2024-04-01,4.25
20217,มอเตอร์ไซค์,ลาดพร้าว,2023-09-05,4.13
20218,มอเตอร์ไซค์,บางรัก,2023-05-22,3.76
20219,มอเตอร์ไซค์,จตุจักร,2022-08-06,4.58
20220,มอเตอร์ไซค์,ลาดพร้าว,2022-11-02,4.21
20221,มอเตอร์ไซค์,ลาดพร้าว,2024-06-08,3.52
20222,มอเตอร์ไซค์,วัฒนา,2024-02-01,3.88
20223,มอเตอร์ไซค์,พญาไท,2023-11-13,4.21
20224,จักรยาน,จตุจักร,2022-09-07,4.24
20225,มอเตอร์ไซค์,ห้วยขวาง,2022-06-08,3.95
20226,จักรยาน,จตุจักร,2024-06-27,3.85
20227,มอเตอร์ไซค์,สาทร,2023-10-01,4.86
20228,จักรยาน,ห้วยขวาง,2024-04-04,4.36
20229,มอเตอร์ไซค์,ลาดพร้าว,2023-11-24,4.14
20230,มอเตอร์ไซค์,จตุจักร,2022-07-24,4.97
20231,มอเตอร์ไซค์,พญาไท,2023-10-23,4.18
20232,มอเตอร์ไซค์,วัฒนา,2024-01-04,3.78
20233,มอเตอร์ไซค์,บางรัก,2024-03-09,3.92
20234,มอเตอร์ไซค์,วัฒนา,2022-09-23,3.97
20235,มอเตอร์ไซค์,จตุจักร,2024-07-13,5.0
20236,มอเตอร์ไซค์,ลาดพร้าว,2022-12-06,4.68
20237,มอเตอร์ไซค์,บางนา,2024-05-25,3.99
20238,มอเตอร์ไซค์,บางนา,2024-04-25,4.94
20239,มอเตอร์ไซค์,สาทร,2024-03-30,3.54
20240,มอเตอร์ไซค์,คลองเตย,2022-07-12,3.9
20241,มอเตอร์ไซค์,ดินแดง,2022-08-19,4.35
20242,มอเตอร์ไซค์,จตุจักร,2024-04-01,4.78
20243,มอเตอร์ไซค์,ห้วยขวาง,2022-06-09,4.31
20244,มอเตอร์ไซค์,วัฒนา,2023-12-18,4.68
20245,จักรยาน,ดินแดง,2024-06-28,4.84
20246,มอเตอร์ไซค์,จตุจักร,2024-07-25,3.93
20247,มอเตอร์ไซค์,บางนา,2024-07-13,4.0
20248,มอเตอร์ไซค์,สาทร,2022-11-17,4.73
20249,มอเตอร์ไซค์,วัฒนา,2023-04-25,4.73
20250,มอเตอร์ไซค์,บางกะปิ,2023-05-26,4.13
20251,มอเตอร์ไซค์,สาทร,2023-05-02,4.57
20252,มอเตอร์ไซค์,คลองเตย,2022-11-09,4.13
20253,มอเตอร์ไซค์,ลาดพร้าว,2022-09-14,4.49
20254,มอเตอร์ไซค์,พญาไท,2024-07-27,4.7
20255,รถยนต์,ดินแดง,2024-01-20,4.54
20256,มอเตอร์ไซค์,ลาดพร้าว,2022-06-05,4.58
20257,มอเตอร์ไซค์,พญาไท,2024-06-24,4.43
20258,มอเตอร์ไซค์,สาทร,2023-10-26,4.66
20259,รถยนต์,ห้วยขวาง,2023-06-11,3.93
20260,มอเตอร์ไซค์,บางนา,2023-10-04,4.28
20261,มอเตอร์ไซค์,จตุจักร,2023-08-14,4.34
20262,มอเตอร์ไซค์,บางนา,2023-04-22,4.28
20263,มอเตอร์ไซค์,จตุจักร,2024-03-15,4.03
20264,จักรยาน,คลองเตย,2023-01-21,4.45
20265,มอเตอร์ไซค์,พญาไท,2024-07-17,5.0
20266,มอเตอร์ไซค์,บางนา,2023-09-11,3.51
20267,มอเตอร์ไซค์,ลาดพร้าว,2024-05-03,4.29
20268,มอเตอร์ไซค์,บางนา,2023-06-08,4.59
20269,มอเตอร์ไซค์,ดินแดง,2023-03-30,4.85
20270,มอเตอร์ไซค์,บางนา,2023-09-10,4.51
20271,มอเตอร์ไซค์,บางกะปิ,2023-11-30,4.45
20272,มอเตอร์ไซค์,บางกะปิ,2022-11-02,4.26
20273,มอเตอร์ไซค์,บางกะปิ,2023-03-02,4.6
20274,มอเตอร์ไซค์,ห้วยขวาง,2022-08-01,3.87
20275,มอเตอร์ไซค์,ลาดพร้าว,2024-07-06,3.98
20276,รถยนต์,สาทร,2023-05-15,4.26
20277,มอเตอร์ไซค์,คลองเตย,2023-07-20,4.33
20278,จักรยาน,จตุจักร,2023-04-06,4.52
20279,มอเตอร์ไซค์,จตุจักร,2024-07-14,4.61
20280,มอเตอร์ไซค์,คลองเตย,2023-01-27,3.62
20281,มอเตอร์ไซค์,บางนา,2023-10-07,4.34
20282,มอเตอร์ไซค์,สวนหลวง,2022-06-15,4.27
20283,มอเตอร์ไซค์,คลองเตย,2024-07-25,4.61
20284,จักรยาน,บางรัก,2023-04-13,4.85
20285,มอเตอร์ไซค์,สาทร,2023-01-05,4.45
20286,มอเตอร์ไซค์,สวนหลวง,2022-07-01,4.37
20287,มอเตอร์ไซค์,สาทร,2022-08-12,3.98
20288,มอเตอร์ไซค์,บางรัก,2023-10-12,4.14
20289,มอเตอร์ไซค์,พญาไท,2023-02-05,4.35
20290,มอเตอร์ไซค์,ลาดพร้าว,2023-08-03,3.73
20291,มอเตอร์ไซค์,บางนา,2022-12-21,3.8
20292,มอเตอร์ไซค์,ดินแดง,2023-07-27,4.28
20293,มอเตอร์ไซค์,บางนา,2022-11-03,4.45
20294,มอเตอร์ไซค์,วัฒนา,2024-05-22,4.9
20295,มอเตอร์ไซค์,คลองเตย,2022-09-15,3.85
20296,มอเตอร์ไซค์,บางนา,2022-12-03,3.63
20297,มอเตอร์ไซค์,วัฒนา,2023-06-13,4.34
20298,มอเตอร์ไซค์,ห้วยขวาง,2023-08-17,4.81
20299,มอเตอร์ไซค์,สวนหลวง,2023-12-02,3.95
20300,จักรยาน,จตุจักร,2023-08-19,4.81
20301,มอเตอร์ไซค์,สาทร,2024-01-30,3.84
20302,มอเตอร์ไซค์,คลองเตย,2023-12-29,4.22
20303,มอเตอร์ไซค์,พญาไท,2024-02-15,4.22
20304,มอเตอร์ไซค์,วัฒนา,2024-07-04,3.96
20305,มอเตอร์ไซค์,ลาดพร้าว,2023-05-16,3.62
20306,รถยนต์,บางกะปิ,2022-06-05,5.0
20307,มอเตอร์ไซค์,สวนหลวง,2022-11-18,3.88
20308,มอเตอร์ไซค์,วัฒนา,2022-12-22,3.81
20309,มอเตอร์ไซค์,บางนา,2023-02-28,3.95
20310,มอเตอร์ไซค์,ห้วยขวาง,2023-05-28,3.98
20311,มอเตอร์ไซค์,บางนา,2023-04-27,4.0
20312,มอเตอร์ไซค์,สาทร,2024-07-12,4.71
20313,มอเตอร์ไซค์,ห้วยขวาง,2024-05-12,3.93
20314,มอเตอร์ไซค์,บางกะปิ,2023-01-25,4.56
20315,มอเตอร์ไซค์,ลาดพร้าว,2023-12-01,4.01
20316,มอเตอร์ไซค์,บางนา,2022-06-30,4.86
20317,มอเตอร์ไซค์,ลาดพร้าว,2023-10-06,5.0
20318,มอเตอร์ไซค์,ดินแดง,2024-01-21,4.17
20319,มอเตอร์ไซค์,ลาดพร้าว,2022-07-25,4.4
20320,มอเตอร์ไซค์,บางกะปิ,2024-04-05,4.4
20321,มอเตอร์ไซค์,ลาดพร้าว,2023-03-17,4.88
20322,มอเตอร์ไซค์,ห้วยขวาง,2023-07-04,4.13
20323,มอเตอร์ไซค์,ห้วยขวาง,2022-11-12,4.84
20324,มอเตอร์ไซค์,สาทร,2024-02-16,5.0
20325,มอเตอร์ไซค์,ห้วยขวาง,2023-05-27,4.18
20326,มอเตอร์ไซค์,ลาดพร้าว,2023-07-26,4.07
20327,มอเตอร์ไซค์,จตุจักร,2023-01-16,4.75
20328,มอเตอร์ไซค์,สาทร,2023-08-06,4.17
20329,มอเตอร์ไซค์,บางรัก,2023-07-03,3.44
20330,มอเตอร์ไซค์,จตุจักร,2023-12-01,4.32
20331,มอเตอร์ไซค์,คลองเตย,2023-04-01,4.59
20332,มอเตอร์ไซค์,จตุจักร,2022-07-11,4.21
20333,มอเตอร์ไซค์,วัฒนา,2023-08-11,4.2
20334,มอเตอร์ไซค์,บางรัก,2022-12-14,4.62
20335,จักรยาน,สาทร,2022-09-27,4.79
20336,จักรยาน,จตุจักร,2023-09-08,4.8
20337,มอเตอร์ไซค์,วัฒนา,2024-02-04,4.29
20338,จักรยาน,วัฒนา,2023-09-24,4.46
20339,จักรยาน,วัฒนา,2023-09-21,4.42
20340,มอเตอร์ไซค์,ลาดพร้าว,2022-05-29,4.32
20341,มอเตอร์ไซค์,คลองเตย,2023-12-29,5.0
20342,มอเตอร์ไซค์,ห้วยขวาง,2023-03-21,4.44
20343,มอเตอร์ไซค์,ดินแดง,2023-01-11,4.68
20344,มอเตอร์ไซค์,ห้วยขวาง,2023-12-24,4.48
20345,มอเตอร์ไซค์,บางกะปิ,2022-09-06,4.43
20346,มอเตอร์ไซค์,บางกะปิ,2023-12-30,4.07
20347,มอเตอร์ไซค์,บางนา,2023-06-29,4.47
20348,มอเตอร์ไซค์,พญาไท,2022-09-03,4.38
20349,มอเตอร์ไซค์,ลาดพร้าว,2022-06-08,4.45
20350,มอเตอร์ไซค์,บางนา,2022-12-02,4.13
20351,มอเตอร์ไซค์,บางนา,2023-10-30,5.0
20352,มอเตอร์ไซค์,ลาดพร้าว,2023-02-09,3.94
20353,มอเตอร์ไซค์,คลองเตย,2023-01-17,4.77
20354,มอเตอร์ไซค์,บางนา,2023-02-01,4.51
20355,มอเตอร์ไซค์,บางนา,2022-10-31,3.67
20356,มอเตอร์ไซค์,บางกะปิ,2023-08-17,4.55
20357,จักรยาน,บางรัก,2022-11-23,4.72
20358,มอเตอร์ไซค์,ดินแดง,2023-09-22,4.25
20359,มอเตอร์ไซค์,ลาดพร้าว,2022-09-18,3.8
20360,มอเตอร์ไซค์,สาทร,2022-07-13,4.07
20361,มอเตอร์ไซค์,สวนหลวง,2023-06-27,4.53
20362,มอเตอร์ไซค์,ดินแดง,2022-08-30,4.18
20363,มอเตอร์ไซค์,สาทร,2023-11-03,4.89
20364,จักรยาน,บางนา,2022-06-28,3.99
20365,มอเตอร์ไซค์,ดินแดง,2023-01-13,4.42
20366,มอเตอร์ไซค์,บางนา,2023-08-05,4.33
20367,มอเตอร์ไซค์,ห้วยขวาง,2024-04-26,4.9
20368,มอเตอร์ไซค์,ห้วยขวาง,2023-11-23,4.79
20369,มอเตอร์ไซค์,บางกะปิ,2024-04-02,4.35
20370,มอเตอร์ไซค์,ห้วยขวาง,2022-12-19,4.52
20371,มอเตอร์ไซค์,ห้วยขวาง,2022-07-12,4.26
20372,มอเตอร์ไซค์,ห้วยขวาง,2022-09-22,4.66
20373,จักรยาน,สาทร,2024-05-11,3.74
20374,มอเตอร์ไซค์,คลองเตย,2024-01-31,4.15
20375,มอเตอร์ไซค์,ห้วยขวาง,2023-04-05,4.81
20376,จักรยาน,บางกะปิ,2024-02-02,4.51
20377,มอเตอร์ไซค์,คลองเตย,2023-08-04,4.33
20378,มอเตอร์ไซค์,บางกะปิ,2023-01-19,4.01
20379,มอเตอร์ไซค์,บางรัก,2022-11-22,4.8
20380,มอเตอร์ไซค์,ลาดพร้าว,2024-04-13,3.63
20381,มอเตอร์ไซค์,บางนา,2022-11-10,4.31
20382,มอเตอร์ไซค์,บางกะปิ,2024-02-16,4.26
20383,มอเตอร์ไซค์,ห้วยขวาง,2022-10-25,4.29
20384,มอเตอร์ไซค์,บางนา,2024-06-30,4.94
20385,มอเตอร์ไซค์,สาทร,2023-10-19,4.7
20386,มอเตอร์ไซค์,ลาดพร้าว,2022-11-21,3.81
20387,มอเตอร์ไซค์,บางกะปิ,2022-06-07,4.48
20388,มอเตอร์ไซค์,ห้วยขวาง,2023-02-04,4.29
20389,จักรยาน,วัฒนา,2023-11-29,4.59
20390,มอเตอร์ไซค์,ลาดพร้าว,2024-02-23,3.95
20391,มอเตอร์ไซค์,บางกะปิ,2024-06-09,4.22
20392,รถยนต์,สวนหลวง,2023-04-24,4.16
20393,มอเตอร์ไซค์,วัฒนา,2023-05-16,3.98
20394,มอเตอร์ไซค์,คลองเตย,2024-06-25,4.79
20395,มอเตอร์ไซค์,ลาดพร้าว,2023-05-13,4.3
20396,มอเตอร์ไซค์,สาทร,2022-07-12,4.84
20397,มอเตอร์ไซค์,ลาดพร้าว,2023-08-28,4.15
20398,มอเตอร์ไซค์,บางนา,2023-12-12,3.84
20399,รถยนต์,พญาไท,2023-11-19,4.31
20400,มอเตอร์ไซค์,สาทร,2022-09-19,4.76
20401,มอเตอร์ไซค์,คลองเตย,2022-12-09,4.02
20402,มอเตอร์ไซค์,วัฒนา,2023-08-05,4.08
20403,มอเตอร์ไซค์,ลาดพร้าว,2023-07-27,3.9
20404,มอเตอร์ไซค์,ห้วยขวาง,2023-10-06,3.29
20405,มอเตอร์ไซค์,ห้วยขวาง,2022-07-31,3.9
20406,มอเตอร์ไซค์,พญาไท,2024-06-21,5.0
20407,มอเตอร์ไซค์,บางนา,2023-09-30,4.31
20408,มอเตอร์ไซค์,บางนา,2024-03-20,3.92
20409,มอเตอร์ไซค์,จตุจักร,2024-04-29,4.5
20410,มอเตอร์ไซค์,บางรัก,2023-10-24,4.42
20411,มอเตอร์ไซค์,บางนา,2024-05-13,4.12
20412,มอเตอร์ไซค์,ลาดพร้าว,2022-07-12,4.54
20413,มอเตอร์ไซค์,บางนา,2023-04-08,4.62
20414,จักรยาน,สาทร,2022-08-06,4.36
20415,มอเตอร์ไซค์,บางกะปิ,2024-07-03,4.67
20416,มอเตอร์ไซค์,บางรัก,2023-09-17,5.0
20417,มอเตอร์ไซค์,บางนา,2023-11-20,4.96
20418,มอเตอร์ไซค์,บางนา,2024-07-16,3.89
20419,มอเตอร์ไซค์,ลาดพร้าว,2023-05-10,4.75
20420,มอเตอร์ไซค์,บางกะปิ,2022-12-14,4.67
20421,มอเตอร์ไซค์,ดินแดง,2024-01-31,3.96
20422,มอเตอร์ไซค์,บางนา,2024-05-20,3.71
20423,มอเตอร์ไซค์,ห้วยขวาง,2023-06-09,4.5
20424,รถยนต์,สาทร,2023-03-07,4.65
20425,มอเตอร์ไซค์,บางกะปิ,2022-11-19,4.43
20426,จักรยาน,บางนา,2023-10-18,4.39
20427,มอเตอร์ไซค์,ลาดพร้าว,2023-08-11,4.14
20428,มอเตอร์ไซค์,ดินแดง,2022-05-29,4.39
20429,มอเตอร์ไซค์,บางนา,2023-01-05,5.0
20430,มอเตอร์ไซค์,ห้วยขวาง,2023-01-14,4.49
20431,มอเตอร์ไซค์,สาทร,2024-04-12,5.0
20432,มอเตอร์ไซค์,สาทร,2023-03-27,4.62
20433,มอเตอร์ไซค์,ลาดพร้าว,2024-01-31,4.18
20434,รถยนต์,จตุจักร,2022-11-01,4.58
20435,มอเตอร์ไซค์,จตุจักร,2022-09-30,3.94
20436,มอเตอร์ไซค์,บางนา,2023-09-19,4.78
20437,มอเตอร์ไซค์,วัฒนา,2022-05-27,3.99
20438,มอเตอร์ไซค์,ห้วยขวาง,2022-07-23,3.96
20439,รถยนต์,ลาดพร้าว,2022-09-28,4.31
20440,มอเตอร์ไซค์,ลาดพร้าว,2024-03-06,4.18
20441,มอเตอร์ไซค์,ห้วยขวาง,2022-08-21,4.46
20442,มอเตอร์ไซค์,จตุจักร,2024-04-07,4.43
20443,มอเตอร์ไซค์,บางรัก,2023-06-17,4.48
20444,มอเตอร์ไซค์,พญาไท,2023-11-01,3.97
20445,รถยนต์,วัฒนา,2024-04-25,5.0
20446,มอเตอร์ไซค์,บางนา,2024-06-26,4.12
20447,มอเตอร์ไซค์,วัฒนา,2024-01-25,4.4
20448,มอเตอร์ไซค์,บางกะปิ,2024-02-25,4.08
20449,มอเตอร์ไซค์,ห้วยขวาง,2023-12-23,4.41
20450,มอเตอร์ไซค์,ลาดพร้าว,2024-06-13,4.28
20451,มอเตอร์ไซค์,ห้วยขวาง,2023-07-03,4.72
20452,มอเตอร์ไซค์,พญาไท,2022-05-31,4.55
20453,จักรยาน,ลาดพร้าว,2023-07-02,4.32
20454,จักรยาน,บางนา,2022-06-16,4.89
20455,มอเตอร์ไซค์,จตุจักร,2022-11-29,4.69
20456,มอเตอร์ไซค์,ลาดพร้าว,2022-12-14,4.43
20457,มอเตอร์ไซค์,พญาไท,2024-07-13,4.58
20458,มอเตอร์ไซค์,สวนหลวง,2022-12-18,5.0
20459,จักรยาน,จตุจักร,2024-02-12,5.0
20460,มอเตอร์ไซค์,สวนหลวง,2024-07-27,4.3
20461,จักรยาน,ห้วยขวาง,2023-08-04,4.22
20462,มอเตอร์ไซค์,บางรัก,2023-11-11,4.42
20463,จักรยาน,บางนา,2024-05-01,4.1
20464,มอเตอร์ไซค์,ลาดพร้าว,2022-06-04,3.93
20465,มอเตอร์ไซค์,บางนา,2023-06-16,4.79
20466,มอเตอร์ไซค์,ลาดพร้าว,2023-12-23,4.29
20467,มอเตอร์ไซค์,สวนหลวง,2024-04-12,4.81
20468,มอเตอร์ไซค์,สาทร,2022-07-22,4.22
20469,มอเตอร์ไซค์,คลองเตย,2023-05-07,4.69
20470,มอเตอร์ไซค์,ห้วยขวาง,2023-09-06,4.94
20471,มอเตอร์ไซค์,ลาดพร้าว,2024-02-10,4.22
20472,มอเตอร์ไซค์,บางนา,2023-07-23,4.34
20473,มอเตอร์ไซค์,ห้วยขวาง,2022-12-29,4.16
20474,มอเตอร์ไซค์,ห้วยขวาง,2022-10-19,4.4
20475,มอเตอร์ไซค์,ลาดพร้าว,2023-07-30,3.7
20476,มอเตอร์ไซค์,คลองเตย,2023-06-26,4.4
20477,มอเตอร์ไซค์,ห้วยขวาง,2022-06-17,3.57
20478,มอเตอร์ไซค์,บางกะปิ,2023-10-11,4.18
20479,มอเตอร์ไซค์,สวนหลวง,2023-01-23,4.61
20480,มอเตอร์ไซค์,ห้วยขวาง,2023-07-01,4.14
20481,มอเตอร์ไซค์,ห้วยขวาง,2022-10-11,4.03
20482,รถยนต์,จตุจักร,2023-02-12,4.52
20483,จักรยาน,พญาไท,2024-05-04,4.0
20484,รถยนต์,บางกะปิ,2023-06-15,3.86
20485,จักรยาน,บางกะปิ,2023-08-07,4.4
20486,มอเตอร์ไซค์,ลาดพร้าว,2023-02-05,4.43
20487,มอเตอร์ไซค์,ห้วยขวาง,2023-11-09,4.35
20488,รถยนต์,ลาดพร้าว,2024-02-25,4.03
20489,มอเตอร์ไซค์,บางนา,2024-07-16,5.0
20490,มอเตอร์ไซค์,พญาไท,2024-02-21,4.0
20491,มอเตอร์ไซค์,ห้วยขวาง,2022-11-05,4.49
20492,มอเตอร์ไซค์,พญาไท,2023-10-14,4.71
20493,มอเตอร์ไซค์,สาทร,2022-06-05,4.45
20494,มอเตอร์ไซค์,ห้วยขวาง,2022-08-29,4.85
20495,มอเตอร์ไซค์,บางกะปิ,2023-02-18,4.69
20496,มอเตอร์ไซค์,วัฒนา,2022-11-14,3.37
20497,มอเตอร์ไซค์,บางรัก,2023-01-19,4.99
20498,มอเตอร์ไซค์,ห้วยขวาง,2024-07-20,4.77
20499,มอเตอร์ไซค์,จตุจักร,2024-04-02,4.92
20500,มอเตอร์ไซค์,บางนา,2024-07-17,4.78
20501,มอเตอร์ไซค์,ห้วยขวาง,2023-05-28,4.53
20502,มอเตอร์ไซค์,วัฒนา,2024-02-28,4.33
20503,มอเตอร์ไซค์,คลองเตย,2023-01-04,4.09
20504,มอเตอร์ไซค์,วัฒนา,2022-07-28,4.19
20505,มอเตอร์ไซค์,ลาดพร้าว,2022-08-23,3.73
20506,มอเตอร์ไซค์,สาทร,2023-06-09,3.78
20507,มอเตอร์ไซค์,พญาไท,2023-05-26,4.67
20508,มอเตอร์ไซค์,บางนา,2024-04-30,4.41
20509,มอเตอร์ไซค์,จตุจักร,2023-09-10,4.76
20510,มอเตอร์ไซค์,พญาไท,2023-07-01,3.65
20511,รถยนต์,จตุจักร,2022-10-18,4.84
20512,มอเตอร์ไซค์,บางกะปิ,2024-05-06,4.06
20513,มอเตอร์ไซค์,บางนา,2023-01-25,4.77
20514,มอเตอร์ไซค์,ลาดพร้าว,2024-05-17,3.93
20515,มอเตอร์ไซค์,จตุจักร,2023-05-21,4.77
20516,มอเตอร์ไซค์,ดินแดง,2022-09-24,4.64
20517,มอเตอร์ไซค์,คลองเตย,2024-04-03,5.0
20518,จักรยาน,สาทร,2024-05-14,4.54
20519,รถยนต์,สวนหลวง,2023-03-01,5.0
20520,มอเตอร์ไซค์,บางนา,2023-04-09,3.66
20521,มอเตอร์ไซค์,สาทร,2024-01-30,4.35
20522,มอเตอร์ไซค์,บางกะปิ,2022-07-28,4.04
20523,รถยนต์,วัฒนา,2022-10-13,5.0
20524,มอเตอร์ไซค์,บางกะปิ,2023-03-29,4.18
20525,มอเตอร์ไซค์,ห้วยขวาง,2023-10-12,4.08
20526,มอเตอร์ไซค์,ลาดพร้าว,2023-06-10,4.57
20527,มอเตอร์ไซค์,ห้วยขวาง,2022-07-03,4.34
20528,มอเตอร์ไซค์,คลองเตย,2023-04-20,4.47
20529,จักรยาน,คลองเตย,2022-06-02,4.82
20530,มอเตอร์ไซค์,ห้วยขวาง,2024-06-07,4.46
20531,จักรยาน,สาทร,2024-03-18,4.18
20532,มอเตอร์ไซค์,วัฒนา,2024-06-10,3.93
20533,จักรยาน,คลองเตย,2024-05-18,4.38
20534,จักรยาน,สาทร,2022-09-22,4.3
20535,จักรยาน,บางกะปิ,2024-02-04,3.97
20536,มอเตอร์ไซค์,ดินแดง,2023-03-25,4.43
20537,มอเตอร์ไซค์,จตุจักร,2022-09-19,4.63
20538,มอเตอร์ไซค์,จตุจักร,2024-05-16,4.3
20539,มอเตอร์ไซค์,ลาดพร้าว,2022-09-20,4.44
20540,มอเตอร์ไซค์,วัฒนา,2023-06-22,4.57
20541,จักรยาน,พญาไท,2023-09-29,4.11
20542,จักรยาน,ห้วยขวาง,2023-02-26,4.27
20543,มอเตอร์ไซค์,ห้วยขวาง,2023-03-25,4.74
20544,มอเตอร์ไซค์,คลองเตย,2023-09-29,4.63
20545,มอเตอร์ไซค์,ลาดพร้าว,2024-01-10,3.74
20546,มอเตอร์ไซค์,สวนหลวง,2023-01-30,4.03
20547,มอเตอร์ไซค์,ดินแดง,2024-04-25,4.62
20548,มอเตอร์ไซค์,วัฒนา,2024-07-04,3.92
20549,มอเตอร์ไซค์,สาทร,2022-10-12,4.49
20550,มอเตอร์ไซค์,บางรัก,2023-03-02,4.55
20551,มอเตอร์ไซค์,ห้วยขวาง,2022-12-14,4.1
20552,มอเตอร์ไซค์,ห้วยขวาง,2022-12-28,4.05
20553,จักรยาน,ห้วยขวาง,2022-12-13,4.0
20554,รถยนต์,ห้วยขวาง,2023-04-12,5.0
20555,มอเตอร์ไซค์,สวนหลวง,2024-04-09,4.47
20556,มอเตอร์ไซค์,สาทร,2023-02-27,4.56
20557,จักรยาน,บางกะปิ,2023-07-25,4.75
20558,มอเตอร์ไซค์,บางรัก,2022-09-24,5.0
20559,จักรยาน,สวนหลวง,2022-11-03,3.55
20560,มอเตอร์ไซค์,สวนหลวง,2023-02-15,4.8
20561,มอเตอร์ไซค์,บางรัก,2023-05-16,4.7
20562,มอเตอร์ไซค์,บางนา,2024-04-19,4.53
20563,มอเตอร์ไซค์,พญาไท,2022-05-26,4.06
20564,มอเตอร์ไซค์,ห้วยขวาง,2023-04-10,4.1
20565,มอเตอร์ไซค์,ลาดพร้าว,2023-11-28,4.45
20566,จักรยาน,ลาดพร้าว,2023-05-25,3.73
20567,มอเตอร์ไซค์,วัฒนา,2023-07-24,4.2
20568,มอเตอร์ไซค์,วัฒนา,2022-09-25,4.6
20569,มอเตอร์ไซค์,ลาดพร้าว,2023-01-17,4.17
20570,มอเตอร์ไซค์,ห้วยขวาง,2024-03-16,4.8
20571,มอเตอร์ไซค์,พญาไท,2022-10-26,4.73
20572,มอเตอร์ไซค์,บางรัก,2023-08-04,4.45
20573,จักรยาน,ห้วยขวาง,2024-04-17,4.36
20574,มอเตอร์ไซค์,วัฒนา,2024-07-17,3.89
20575,มอเตอร์ไซค์,วัฒนา,2023-09-26,4.64
20576,มอเตอร์ไซค์,บางกะปิ,2022-10-26,4.9
20577,มอเตอร์ไซค์,สาทร,2022-12-09,4.56
20578,มอเตอร์ไซค์,ลาดพร้าว,2023-09-24,3.74
20579,รถยนต์,วัฒนา,2024-02-16,4.0
20580,มอเตอร์ไซค์,วัฒนา,2024-04-02,5.0
20581,จักรยาน,คลองเตย,2024-02-18,4.0
20582,มอเตอร์ไซค์,บางกะปิ,2022-07-22,4.2
20583,มอเตอร์ไซค์,จตุจักร,2023-12-19,4.01
20584,มอเตอร์ไซค์,บางกะปิ,2022-06-10,4.16
20585,มอเตอร์ไซค์,บางนา,2024-06-24,4.21
20586,มอเตอร์ไซค์,จตุจักร,2023-08-02,4.34
20587,มอเตอร์ไซค์,จตุจักร,2022-06-11,4.26
20588,มอเตอร์ไซค์,บางรัก,2022-09-23,4.34
20589,มอเตอร์ไซค์,สาทร,2023-09-19,4.43
20590,มอเตอร์ไซค์,จตุจักร,2023-08-11,3.6
20591,มอเตอร์ไซค์,วัฒนา,2023-02-15,4.36
20592,มอเตอร์ไซค์,คลองเตย,2023-03-04,4.54
20593,มอเตอร์ไซค์,บางกะปิ,2023-10-02,4.8
20594,มอเตอร์ไซค์,สาทร,2024-04-01,4.24
20595,มอเตอร์ไซค์,คลองเตย,2022-08-28,4.37
20596,มอเตอร์ไซค์,คลองเตย,2024-03-20,3.94
20597,มอเตอร์ไซค์,ลาดพร้าว,2022-06-01,4.38
20598,มอเตอร์ไซค์,คลองเตย,2023-08-13,4.89
20599,มอเตอร์ไซค์,สาทร,2024-06-24,4.11
20600,มอเตอร์ไซค์,บางกะปิ,2023-03-31,3.96
20601,จักรยาน,วัฒนา,2024-07-21,4.32
20602,มอเตอร์ไซค์,จตุจักร,2023-02-09,5.0
20603,มอเตอร์ไซค์,วัฒนา,2022-06-18,3.99
20604,มอเตอร์ไซค์,บางนา,2023-09-14,3.78
20605,มอเตอร์ไซค์,บางกะปิ,2022-08-24,3.96
20606,มอเตอร์ไซค์,สาทร,2023-04-03,4.61
20607,มอเตอร์ไซค์,คลองเตย,2023-08-25,4.17
20608,มอเตอร์ไซค์,สวนหลวง,2024-01-03,4.31
20609,มอเตอร์ไซค์,บางกะปิ,2024-02-05,4.06
20610,มอเตอร์ไซค์,ดินแดง,2022-08-17,4.67
20611,มอเตอร์ไซค์,จตุจักร,2023-08-11,5.0
20612,มอเตอร์ไซค์,บางรัก,2022-08-30,4.14
20613,รถยนต์,ดินแดง,2023-10-22,4.11
20614,มอเตอร์ไซค์,บางกะปิ,2022-06-01,4.28
20615,มอเตอร์ไซค์,สาทร,2022-08-03,4.01
20616,มอเตอร์ไซค์,ลาดพร้าว,2022-09-11,4.71
20617,มอเตอร์ไซค์,สาทร,2023-09-06,4.71
20618,มอเตอร์ไซค์,คลองเตย,2023-03-28,4.06
20619,มอเตอร์ไซค์,บางรัก,2023-11-24,3.82
20620,มอเตอร์ไซค์,บางนา,2023-01-23,4.06
20621,รถยนต์,จตุจักร,2024-06-17,4.05
20622,มอเตอร์ไซค์,บางนา,2022-09-03,4.59
20623,มอเตอร์ไซค์,บางรัก,2024-02-11,4.08
20624,มอเตอร์ไซค์,บางกะปิ,2022-07-18,4.58
20625,มอเตอร์ไซค์,ห้วยขวาง,2023-07-18,4.22
20626,มอเตอร์ไซค์,บางนา,2023-10-03,3.61
20627,มอเตอร์ไซค์,ห้วยขวาง,2023-10-31,4.28
20628,มอเตอร์ไซค์,บางรัก,2022-12-07,4.2
20629,มอเตอร์ไซค์,จตุจักร,2023-11-19,4.22
20630,มอเตอร์ไซค์,บางกะปิ,2022-10-12,4.67
20631,มอเตอร์ไซค์,จตุจักร,2023-12-17,4.48
20632,จักรยาน,สวนหลวง,2023-12-01,4.0
20633,มอเตอร์ไซค์,ห้วยขวาง,2022-07-11,4.59
20634,มอเตอร์ไซค์,จตุจักร,2024-01-02,4.65
20635,มอเตอร์ไซค์,ลาดพร้าว,2023-04-07,4.18
20636,มอเตอร์ไซค์,พญาไท,2024-02-12,4.95
20637,มอเตอร์ไซค์,สาทร,2022-05-28,3.68
20638,จักรยาน,พญาไท,2023-01-20,4.8
20639,มอเตอร์ไซค์,บางกะปิ,2024-06-01,4.63
20640,มอเตอร์ไซค์,บางกะปิ,2023-08-08,4.37
20641,มอเตอร์ไซค์,ดินแดง,2023-02-09,3.87
20642,มอเตอร์ไซค์,วัฒนา,2022-12-16,5.0
20643,มอเตอร์ไซค์,ห้วยขวาง,2022-11-09,4.89
20644,มอเตอร์ไซค์,บางกะปิ,2023-05-20,4.1
20645,มอเตอร์ไซค์,สาทร,2023-03-23,3.87
20646,มอเตอร์ไซค์,ห้วยขวาง,2022-09-07,4.38
20647,มอเตอร์ไซค์,บางกะปิ,2023-09-26,4.79
20648,จักรยาน,พญาไท,2024-01-03,4.74
20649,มอเตอร์ไซค์,บางนา,2023-05-09,4.91
20650,มอเตอร์ไซค์,บางนา,2023-07-04,4.29
20651,มอเตอร์ไซค์,บางนา,2022-05-29,4.03
20652,รถยนต์,บางนา,2022-11-08,3.54
20653,มอเตอร์ไซค์,บางนา,2022-10-20,4.7
20654,มอเตอร์ไซค์,บางนา,2024-04-09,4.06
20655,มอเตอร์ไซค์,บางกะปิ,2024-06-12,4.4
20656,มอเตอร์ไซค์,บางกะปิ,2024-02-07,4.95
20657,มอเตอร์ไซค์,พญาไท,2023-09-20,4.41
20658,มอเตอร์ไซค์,บางรัก,2023-11-19,5.0
20659,มอเตอร์ไซค์,สาทร,2023-06-23,4.14
20660,มอเตอร์ไซค์,ห้วยขวาง,2022-12-30,4.65
20661,มอเตอร์ไซค์,สาทร,2024-03-25,3.96
20662,มอเตอร์ไซค์,บางกะปิ,2024-02-11,3.62
20663,มอเตอร์ไซค์,สาทร,2023-04-22,4.28
20664,มอเตอร์ไซค์,ดินแดง,2024-02-17,4.29
20665,มอเตอร์ไซค์,สาทร,2022-05-27,4.79
20666,มอเตอร์ไซค์,บางนา,2023-02-23,4.72
20667,มอเตอร์ไซค์,ลาดพร้าว,2024-04-09,4.72
20668,มอเตอร์ไซค์,บางนา,2024-07-23,4.01
20669,มอเตอร์ไซค์,บางกะปิ,2022-08-08,4.59
20670,รถยนต์,วัฒนา,2024-06-09,4.79
20671,มอเตอร์ไซค์,บางนา,2023-09-05,4.19
20672,มอเตอร์ไซค์,ดินแดง,2024-01-10,4.08
20673,รถยนต์,สวนหลวง,2022-06-05,4.65
20674,มอเตอร์ไซค์,จตุจักร,2023-12-06,4.31
20675,มอเตอร์ไซค์,บางรัก,2024-03-07,4.49
20676,มอเตอร์ไซค์,ลาดพร้าว,2022-08-03,4.33
20677,มอเตอร์ไซค์,บางนา,2023-08-12,4.09
20678,มอเตอร์ไซค์,คลองเตย,2023-01-05,4.56
20679,มอเตอร์ไซค์,จตุจักร,2023-04-06,3.3
20680,มอเตอร์ไซค์,วัฒนา,2024-05-30,3.87
20681,มอเตอร์ไซค์,ดินแดง,2024-03-12,4.75
20682,รถยนต์,สาทร,2024-07-22,3.57
20683,มอเตอร์ไซค์,บางรัก,2023-07-08,4.15
20684,มอเตอร์ไซค์,จตุจักร,2022-07-14,4.07
20685,มอเตอร์ไซค์,สาทร,2024-05-26,4.34
20686,มอเตอร์ไซค์,บางนา,2023-08-30,4.8
20687,มอเตอร์ไซค์,จตุจักร,2024-02-05,4.58
20688,มอเตอร์ไซค์,ห้วยขวาง,2023-05-28,4.55
20689,มอเตอร์ไซค์,สวนหลวง,2023-07-09,4.05
20690,มอเตอร์ไซค์,สาทร,2023-05-14,4.0
20691,มอเตอร์ไซค์,พญาไท,2023-05-16,3.92
20692,มอเตอร์ไซค์,สาทร,2023-04-30,4.05
20693,มอเตอร์ไซค์,ลาดพร้าว,2023-03-27,4.04
20694,มอเตอร์ไซค์,ห้วยขวาง,2022-06-25,3.91
20695,มอเตอร์ไซค์,ดินแดง,2023-07-15,4.01
20696,มอเตอร์ไซค์,คลองเตย,2023-12-19,4.59
20697,มอเตอร์ไซค์,สาทร,2024-04-23,4.21
20698,มอเตอร์ไซค์,บางกะปิ,2024-06-18,5.0
20699,มอเตอร์ไซค์,บางนา,2024-02-15,4.61
20700,มอเตอร์ไซค์,ดินแดง,2023-04-07,4.74
20701,มอเตอร์ไซค์,คลองเตย,2023-07-13,5.0
20702,มอเตอร์ไซค์,ดินแดง,2023-12-07,4.19
20703,มอเตอร์ไซค์,พญาไท,2023-10-31,4.65
20704,มอเตอร์ไซค์,สวนหลวง,2023-05-05,4.69
20705,มอเตอร์ไซค์,ลาดพร้าว,2022-12-03,3.87
20706,มอเตอร์ไซค์,คลองเตย,2023-03-30,4.14
20707,มอเตอร์ไซค์,พญาไท,2022-07-29,3.61
20708,มอเตอร์ไซค์,บางนา,2022-11-25,4.42
20709,มอเตอร์ไซค์,บางนา,2024-02-15,4.31
20710,มอเตอร์ไซค์,วัฒนา,2022-09-20,4.95
20711,มอเตอร์ไซค์,ลาดพร้าว,2022-12-15,4.06
20712,มอเตอร์ไซค์,บางนา,2023-08-26,4.99
20713,จักรยาน,วัฒนา,2023-03-25,4.07
20714,มอเตอร์ไซค์,จตุจักร,2023-11-07,4.5
20715,มอเตอร์ไซค์,บางกะปิ,2023-03-16,4.96
20716,มอเตอร์ไซค์,วัฒนา,2024-03-11,4.2
20717,มอเตอร์ไซค์,ห้วยขวาง,2023-08-27,4.06
20718,จักรยาน,ลาดพร้าว,2023-04-30,4.69
20719,มอเตอร์ไซค์,ลาดพร้าว,2023-01-26,4.48
20720,มอเตอร์ไซค์,สาทร,2022-06-22,4.75
20721,มอเตอร์ไซค์,บางกะปิ,2024-04-08,4.45
20722,มอเตอร์ไซค์,ลาดพร้าว,2023-10-09,4.16
20723,รถยนต์,จตุจักร,2024-04-17,4.45
20724,มอเตอร์ไซค์,บางนา,2023-03-26,4.86
20725,มอเตอร์ไซค์,บางกะปิ,2023-05-18,4.93
20726,มอเตอร์ไซค์,จตุจักร,2022-11-27,4.53
20727,มอเตอร์ไซค์,บางรัก,2023-12-27,4.19
20728,จักรยาน,พญาไท,2022-06-19,4.49
20729,มอเตอร์ไซค์,จตุจักร,2023-05-07,4.61
20730,มอเตอร์ไซค์,บางรัก,2023-06-26,3.77
20731,รถยนต์,บางนา,2024-05-04,4.66
20732,มอเตอร์ไซค์,บางกะปิ,2024-06-21,4.6
20733,มอเตอร์ไซค์,สาทร,2023-09-18,3.97
20734,มอเตอร์ไซค์,พญาไท,2023-03-28,3.85
20735,มอเตอร์ไซค์,บางนา,2023-08-07,4.24
20736,มอเตอร์ไซค์,คลองเตย,2022-10-14,3.65
20737,มอเตอร์ไซค์,คลองเตย,2023-02-25,4.52
20738,รถยนต์,บางกะปิ,2024-03-26,3.89
20739,มอเตอร์ไซค์,ลาดพร้าว,2022-11-03,4.21
20740,จักรยาน,วัฒนา,2024-05-12,4.17
20741,จักรยาน,บางนา,2023-11-01,4.37
20742,มอเตอร์ไซค์,คลองเตย,2022-07-12,4.36
20743,มอเตอร์ไซค์,ลาดพร้าว,2022-11-21,4.37
20744,จักรยาน,ห้วยขวาง,2023-09-08,5.0
20745,มอเตอร์ไซค์,สาทร,2022-06-02,4.92
20746,มอเตอร์ไซค์,พญาไท,2024-07-08,4.22
20747,มอเตอร์ไซค์,จตุจักร,2024-07-09,4.02
20748,มอเตอร์ไซค์,ห้วยขวาง,2024-03-22,3.51
20749,มอเตอร์ไซค์,สาทร,2024-04-29,4.04
20750,มอเตอร์ไซค์,บางกะปิ,2023-01-07,4.52
20751,มอเตอร์ไซค์,บางนา,2023-12-26,4.03
20752,มอเตอร์ไซค์,บางนา,2023-04-30,4.36
20753,มอเตอร์ไซค์,บางรัก,2023-05-28,4.21
20754,มอเตอร์ไซค์,ลาดพร้าว,2024-01-25,4.24
20755,มอเตอร์ไซค์,พญาไท,2022-05-26,4.61
20756,มอเตอร์ไซค์,ห้วยขวาง,2022-08-23,4.53
20757,มอเตอร์ไซค์,วัฒนา,2024-05-13,4.87
20758,มอเตอร์ไซค์,บางกะปิ,2022-09-08,3.85
20759,รถยนต์,จตุจักร,2022-11-08,4.49
20760,มอเตอร์ไซค์,บางรัก,2022-06-10,4.97
20761,มอเตอร์ไซค์,ลาดพร้าว,2023-07-12,4.33
20762,จักรยาน,สาทร,2024-05-22,4.62
20763,มอเตอร์ไซค์,วัฒนา,2023-06-14,4.12
20764,มอเตอร์ไซค์,ห้วยขวาง,2022-12-28,4.01
20765,มอเตอร์ไซค์,คลองเตย,2023-10-15,4.56
20766,มอเตอร์ไซค์,บางกะปิ,2024-02-01,4.52
20767,มอเตอร์ไซค์,บางนา,2024-05-04,4.23
20768,มอเตอร์ไซค์,ลาดพร้าว,2023-06-26,3.87
20769,มอเตอร์ไซค์,พญาไท,2023-01-11,4.31
20770,มอเตอร์ไซค์,ลาดพร้าว,2023-09-14,3.76
20771,มอเตอร์ไซค์,วัฒนา,2024-01-27,4.38
20772,จักรยาน,ดินแดง,2024-05-09,4.45
20773,มอเตอร์ไซค์,ลาดพร้าว,2022-05-27,3.87
20774,มอเตอร์ไซค์,ห้วยขวาง,2023-01-25,4.39
20775,มอเตอร์ไซค์,พญาไท,2024-01-10,4.66
20776,มอเตอร์ไซค์,จตุจักร,2023-01-26,4.03
20777,มอเตอร์ไซค์,ห้วยขวาง,2023-07-03,4.33
20778,มอเตอร์ไซค์,ลาดพร้าว,2023-12-28,3.97
20779,มอเตอร์ไซค์,วัฒนา,2024-01-13,4.23
20780,มอเตอร์ไซค์,พญาไท,2023-02-11,4.03
20781,มอเตอร์ไซค์,ลาดพร้าว,2024-02-21,4.07
20782,มอเตอร์ไซค์,บางนา,2023-06-07,4.45
20783,มอเตอร์ไซค์,บางกะปิ,2024-07-06,4.4
20784,มอเตอร์ไซค์,สาทร,2022-11-10,4.02
20785,มอเตอร์ไซค์,บางกะปิ,2023-06-19,4.52
20786,มอเตอร์ไซค์,ลาดพร้าว,2023-08-12,3.79
20787,มอเตอร์ไซค์,ลาดพร้าว,2024-05-07,4.84
20788,มอเตอร์ไซค์,บางกะปิ,2024-03-15,4.87
20789,มอเตอร์ไซค์,วัฒนา,2023-12-18,4.33
20790,มอเตอร์ไซค์,คลองเตย,2024-07-08,4.77
20791,มอเตอร์ไซค์,บางนา,2023-07-25,3.57
20792,มอเตอร์ไซค์,สวนหลวง,2023-01-17,5.0
20793,มอเตอร์ไซค์,บางนา,2023-10-04,4.07
20794,มอเตอร์ไซค์,จตุจักร,2023-01-18,3.9
20795,จักรยาน,บางนา,2024-03-20,5.0
20796,จักรยาน,ห้วยขวาง,2022-07-12,4.98
20797,มอเตอร์ไซค์,บางกะปิ,2024-01-03,4.21
20798,จักรยาน,บางรัก,2024-02-02,4.28
20799,มอเตอร์ไซค์,ลาดพร้าว,2023-11-26,4.31
20800,จักรยาน,บางรัก,2023-03-01,4.0
20801,มอเตอร์ไซค์,สาทร,2023-03-10,5.0
20802,มอเตอร์ไซค์,ดินแดง,2022-06-03,5.0
20803,มอเตอร์ไซค์,วัฒนา,2023-04-21,4.27
20804,มอเตอร์ไซค์,ดินแดง,2022-11-29,3.91
20805,มอเตอร์ไซค์,ลาดพร้าว,2024-03-04,3.97
20806,มอเตอร์ไซค์,วัฒนา,2024-06-22,4.32
20807,มอเตอร์ไซค์,ลาดพร้าว,2024-04-26,4.99
20808,มอเตอร์ไซค์,ห้วยขวาง,2023-05-28,4.17
20809,จักรยาน,ลาดพร้าว,2024-03-14,4.24
20810,มอเตอร์ไซค์,จตุจักร,2024-01-29,4.36
20811,จักรยาน,บางกะปิ,2022-12-01,5.0
20812,มอเตอร์ไซค์,ลาดพร้าว,2023-09-06,3.99
20813,มอเตอร์ไซค์,บางนา,2023-09-20,4.2
20814,มอเตอร์ไซค์,บางนา,2024-05-09,4.19
20815,มอเตอร์ไซค์,บางนา,2023-06-07,4.28
20816,มอเตอร์ไซค์,บางนา,2023-01-09,4.87
20817,มอเตอร์ไซค์,ลาดพร้าว,2024-03-19,4.74
20818,มอเตอร์ไซค์,จตุจักร,2023-04-29,4.61
20819,มอเตอร์ไซค์,บางนา,2023-02-18,3.72
20820,มอเตอร์ไซค์,วัฒนา,2022-07-04,4.64
20821,มอเตอร์ไซค์,บางกะปิ,2023-10-02,4.21
20822,รถยนต์,ดินแดง,2023-05-12,4.15
20823,มอเตอร์ไซค์,จตุจักร,2024-07-20,3.5
20824,มอเตอร์ไซค์,จตุจักร,2022-07-22,4.13
20825,จักรยาน,จตุจักร,2023-10-09,4.13
20826,จักรยาน,บางกะปิ,2023-07-25,4.46
20827,มอเตอร์ไซค์,ห้วยขวาง,2022-11-27,4.2
20828,มอเตอร์ไซค์,พญาไท,2022-11-27,3.93
20829,มอเตอร์ไซค์,วัฒนา,2024-06-07,4.32
20830,มอเตอร์ไซค์,บางกะปิ,2024-03-04,4.59
20831,มอเตอร์ไซค์,ห้วยขวาง,2022-12-23,4.81
20832,มอเตอร์ไซค์,ลาดพร้าว,2024-03-02,4.58
20833,มอเตอร์ไซค์,พญาไท,2024-06-25,4.87
20834,มอเตอร์ไซค์,พญาไท,2022-11-27,3.86
20835,มอเตอร์ไซค์,วัฒนา,2022-06-30,4.7
20836,มอเตอร์ไซค์,ห้วยขวาง,2022-08-05,4.2
20837,มอเตอร์ไซค์,บางนา,2024-03-07,4.18
20838,มอเตอร์ไซค์,จตุจักร,2023-09-12,4.41
20839,มอเตอร์ไซค์,จตุจักร,2024-05-31,4.58
20840,มอเตอร์ไซค์,พญาไท,2023-06-05,4.59
20841,มอเตอร์ไซค์,จตุจักร,2024-06-03,5.0
20842,จักรยาน,ลาดพร้าว,2023-01-07,4.33
20843,มอเตอร์ไซค์,คลองเตย,2023-06-02,5.0
20844,มอเตอร์ไซค์,ห้วยขวาง,2023-08-05,4.0
20845,มอเตอร์ไซค์,วัฒนา,2022-09-28,4.61
20846,มอเตอร์ไซค์,พญาไท,2023-05-14,4.45
20847,มอเตอร์ไซค์,สาทร,2022-11-20,4.61
20848,มอเตอร์ไซค์,ดินแดง,2023-06-07,3.38
20849,มอเตอร์ไซค์,วัฒนา,2023-06-17,3.64
20850,มอเตอร์ไซค์,ลาดพร้าว,2024-01-29,4.39
20851,มอเตอร์ไซค์,สาทร,2023-11-30,3.77
20852,มอเตอร์ไซค์,ห้วยขวาง,2023-08-31,3.38
20853,มอเตอร์ไซค์,วัฒนา,2022-06-18,4.06
20854,มอเตอร์ไซค์,พญาไท,2024-02-10,4.83
20855,มอเตอร์ไซค์,จตุจักร,2023-12-14,4.25
20856,จักรยาน,จตุจักร,2023-06-04,4.46
20857,มอเตอร์ไซค์,บางรัก,2022-09-24,3.91
20858,มอเตอร์ไซค์,ลาดพร้าว,2024-02-17,4.43
20859,มอเตอร์ไซค์,คลองเตย,2022-06-05,3.96
20860,มอเตอร์ไซค์,ลาดพร้าว,2023-11-17,4.93
20861,มอเตอร์ไซค์,สาทร,2023-11-23,4.03
20862,มอเตอร์ไซค์,พญาไท,2022-07-15,5.0
20863,มอเตอร์ไซค์,บางรัก,2023-01-09,4.84
20864,มอเตอร์ไซค์,ลาดพร้าว,2022-10-15,4.5
20865,มอเตอร์ไซค์,วัฒนา,2023-03-13,4.96
20866,มอเตอร์ไซค์,วัฒนา,2024-05-27,4.58
20867,มอเตอร์ไซค์,บางรัก,2023-10-24,5.0
20868,มอเตอร์ไซค์,วัฒนา,2023-03-03,4.78
20869,มอเตอร์ไซค์,ห้วยขวาง,2023-10-30,4.24
20870,มอเตอร์ไซค์,พญาไท,2024-04-13,4.06
20871,มอเตอร์ไซค์,ลาดพร้าว,2023-08-19,5.0
20872,มอเตอร์ไซค์,ลาดพร้าว,2022-06-10,4.25
20873,มอเตอร์ไซค์,บางรัก,2024-01-19,4.35
20874,รถยนต์,บางนา,2022-12-29,4.07
20875,รถยนต์,วัฒนา,2022-06-02,5.0
20876,มอเตอร์ไซค์,บางนา,2023-04-10,4.56
20877,มอเตอร์ไซค์,บางนา,2024-03-21,4.2
20878,มอเตอร์ไซค์,จตุจักร,2024-01-22,4.19
20879,มอเตอร์ไซค์,บางกะปิ,2022-08-28,4.04
20880,จักรยาน,คลองเตย,2023-02-02,4.4
20881,มอเตอร์ไซค์,สาทร,2022-09-03,4.51
20882,มอเตอร์ไซค์,ห้วยขวาง,2023-10-18,4.54
20883,มอเตอร์ไซค์,บางรัก,2024-07-23,3.63
20884,มอเตอร์ไซค์,สวนหลวง,2023-01-15,4.2
20885,มอเตอร์ไซค์,พญาไท,2024-02-05,3.75
20886,มอเตอร์ไซค์,คลองเตย,2023-09-22,3.63
20887,มอเตอร์ไซค์,บางนา,2023-01-07,4.19
20888,จักรยาน,บางรัก,2022-07-12,3.78
20889,มอเตอร์ไซค์,ห้วยขวาง,2022-07-08,4.38
20890,มอเตอร์ไซค์,ห้วยขวาง,2022-10-26,3.86
20891,มอเตอร์ไซค์,ลาดพร้าว,2024-03-26,4.82
20892,มอเตอร์ไซค์,จตุจักร,2023-10-20,4.27
20893,มอเตอร์ไซค์,วัฒนา,2022-09-06,4.47
20894,มอเตอร์ไซค์,บางนา,2024-01-10,4.62
20895,มอเตอร์ไซค์,บางกะปิ,2022-10-31,4.49
20896,มอเตอร์ไซค์,พญาไท,2023-10-17,4.07
20897,จักรยาน,จตุจักร,2023-07-02,4.39
20898,มอเตอร์ไซค์,วัฒนา,2023-02-13,4.8
20899,มอเตอร์ไซค์,วัฒนา,2024-05-10,4.37
20900,มอเตอร์ไซค์,ห้วยขวาง,2023-04-11,4.82
20901,มอเตอร์ไซค์,บางนา,2023-02-18,4.26
20902,จักรยาน,จตุจักร,2023-11-13,4.54
20903,มอเตอร์ไซค์,สาทร,2023-02-14,3.43
20904,มอเตอร์ไซค์,ลาดพร้าว,2023-07-19,4.28
20905,มอเตอร์ไซค์,สวนหลวง,2023-08-19,4.04
20906,มอเตอร์ไซค์,ดินแดง,2023-03-21,3.97
20907,มอเตอร์ไซค์,ห้วยขวาง,2022-12-01,3.79
20908,มอเตอร์ไซค์,ลาดพร้าว,2024-01-31,4.71
20909,มอเตอร์ไซค์,บางกะปิ,2024-01-24,4.13
20910,มอเตอร์ไซค์,สาทร,2024-06-06,4.76
20911,มอเตอร์ไซค์,ลาดพร้าว,2024-01-21,3.93
20912,มอเตอร์ไซค์,ห้วยขวาง,2022-09-19,4.53
20913,มอเตอร์ไซค์,บางนา,2022-08-03,4.99
20914,มอเตอร์ไซค์,ห้วยขวาง,2023-04-11,3.87
20915,มอเตอร์ไซค์,คลองเตย,2022-06-04,4.77
20916,มอเตอร์ไซค์,ห้วยขวาง,2023-05-27,3.36
20917,มอเตอร์ไซค์,สาทร,2022-08-16,4.1
20918,มอเตอร์ไซค์,บางกะปิ,2023-04-07,4.57
20919,มอเตอร์ไซค์,วัฒนา,2024-02-21,4.88
20920,มอเตอร์ไซค์,ลาดพร้าว,2024-01-09,4.66
20921,มอเตอร์ไซค์,บางกะปิ,2024-06-26,4.29
20922,มอเตอร์ไซค์,ห้วยขวาง,2022-10-01,4.28
20923,มอเตอร์ไซค์,สาทร,2023-12-10,4.3
20924,มอเตอร์ไซค์,วัฒนา,2024-01-15,4.11
20925,มอเตอร์ไซค์,จตุจักร,2024-07-27,4.4
20926,มอเตอร์ไซค์,บางรัก,2023-03-21,3.97
20927,มอเตอร์ไซค์,บางกะปิ,2022-09-17,4.66
20928,จักรยาน,ลาดพร้าว,2024-02-12,4.19
20929,จักรยาน,สวนหลวง,2023-05-11,4.3
20930,มอเตอร์ไซค์,บางรัก,2023-09-17,4.41
20931,มอเตอร์ไซค์,บางกะปิ,2023-10-23,3.44
20932,จักรยาน,ลาดพร้าว,2023-07-02,4.79
20933,มอเตอร์ไซค์,จตุจักร,2023-08-27,5.0
20934,มอเตอร์ไซค์,จตุจักร,2023-03-10,3.87
20935,มอเตอร์ไซค์,ลาดพร้าว,2023-04-14,4.65
20936,มอเตอร์ไซค์,ลาดพร้าว,2023-02-25,3.81
20937,มอเตอร์ไซค์,บางกะปิ,2022-08-12,4.63
20938,มอเตอร์ไซค์,จตุจักร,2023-02-09,4.59
20939,มอเตอร์ไซค์,วัฒนา,2023-05-19,4.56
20940,มอเตอร์ไซค์,บางกะปิ,2024-07-06,4.07
20941,มอเตอร์ไซค์,บางนา,2023-03-20,4.35
20942,มอเตอร์ไซค์,จตุจักร,2023-11-17,4.52
20943,มอเตอร์ไซค์,พญาไท,2024-05-25,4.5
20944,มอเตอร์ไซค์,ลาดพร้าว,2023-02-18,5.0
20945,มอเตอร์ไซค์,บางกะปิ,2023-08-28,3.81
20946,มอเตอร์ไซค์,พญาไท,2023-09-21,4.32
20947,มอเตอร์ไซค์,จตุจักร,2023-08-16,3.8
20948,มอเตอร์ไซค์,สาทร,2023-04-15,4.52
20949,มอเตอร์ไซค์,จตุจักร,2023-07-12,3.57
20950,มอเตอร์ไซค์,จตุจักร,2022-08-22,4.13
20951,มอเตอร์ไซค์,ลาดพร้าว,2023-09-02,4.39
20952,มอเตอร์ไซค์,ห้วยขวาง,2023-04-04,4.1
20953,มอเตอร์ไซค์,ดินแดง,2022-07-26,4.41
20954,มอเตอร์ไซค์,วัฒนา,2023-01-19,4.04
20955,มอเตอร์ไซค์,ลาดพร้าว,2023-10-29,4.05
20956,จักรยาน,บางกะปิ,2024-03-10,4.12
20957,มอเตอร์ไซค์,ห้วยขวาง,2022-08-04,3.77
20958,มอเตอร์ไซค์,ห้วยขวาง,2023-12-06,4.9
20959,มอเตอร์ไซค์,ลาดพร้าว,2023-05-09,4.57
20960,รถยนต์,บางนา,2022-06-20,3.86
20961,มอเตอร์ไซค์,ลาดพร้าว,2022-06-12,4.08
20962,มอเตอร์ไซค์,บางรัก,2023-11-26,3.83
20963,มอเตอร์ไซค์,บางนา,2022-07-17,4.68
20964,มอเตอร์ไซค์,จตุจักร,2023-06-02,4.6
20965,มอเตอร์ไซค์,สวนหลวง,2023-01-15,4.22
20966,มอเตอร์ไซค์,บางนา,2023-08-10,4.45
20967,มอเตอร์ไซค์,ห้วยขวาง,2022-07-14,4.49
20968,มอเตอร์ไซค์,สาทร,2023-07-18,5.0
20969,มอเตอร์ไซค์,สาทร,2022-05-26,4.27
20970,มอเตอร์ไซค์,บางนา,2022-09-08,5.0
20971,จักรยาน,สวนหลวง,2023-01-01,4.51
20972,มอเตอร์ไซค์,สาทร,2023-06-01,4.4
20973,มอเตอร์ไซค์,วัฒนา,2023-11-19,4.56
20974,จักรยาน,ดินแดง,2022-07-09,3.64
20975,มอเตอร์ไซค์,คลองเตย,2024-03-28,3.74
20976,มอเตอร์ไซค์,ลาดพร้าว,2023-06-30,4.38
20977,มอเตอร์ไซค์,ห้วยขวาง,2022-08-04,4.33
20978,มอเตอร์ไซค์,บางนา,2024-02-14,4.01
20979,มอเตอร์ไซค์,จตุจักร,2023-05-18,4.05
20980,มอเตอร์ไซค์,ลาดพร้าว,2022-10-25,4.61
20981,มอเตอร์ไซค์,ห้วยขวาง,2024-07-17,3.93
20982,มอเตอร์ไซค์,ลาดพร้าว,2023-04-08,4.39
20983,มอเตอร์ไซค์,คลองเตย,2023-01-28,4.45
20984,จักรยาน,ดินแดง,2023-04-05,4.26
20985,มอเตอร์ไซค์,จตุจักร,2023-06-24,3.98
20986,มอเตอร์ไซค์,บางกะปิ,2024-02-21,4.0
20987,มอเตอร์ไซค์,สวนหลวง,2023-07-08,4.55
20988,รถยนต์,สาทร,2024-01-20,5.0
20989,มอเตอร์ไซค์,วัฒนา,2023-09-25,4.42
20990,มอเตอร์ไซค์,ลาดพร้าว,2023-12-06,4.35
20991,มอเตอร์ไซค์,บางนา,2022-10-11,4.82
20992,จักรยาน,ห้วยขวาง,2022-07-02,4.42
20993,มอเตอร์ไซค์,บางนา,2023-09-24,4.28
20994,มอเตอร์ไซค์,ลาดพร้าว,2022-07-30,4.0
20995,มอเตอร์ไซค์,คลองเตย,2022-09-21,4.36
20996,มอเตอร์ไซค์,วัฒนา,2024-03-16,4.78
20997,มอเตอร์ไซค์,บางนา,2023-08-25,4.89
20998,มอเตอร์ไซค์,ห้วยขวาง,2023-03-04,3.7
20999,มอเตอร์ไซค์,คลองเตย,2023-01-06,4.27
21000,มอเตอร์ไซค์,ลาดพร้าว,2022-09-19,4.01
21001,มอเตอร์ไซค์,ลาดพร้าว,2023-02-23,4.35
21002,มอเตอร์ไซค์,ห้วยขวาง,2022-09-08,4.47
21003,มอเตอร์ไซค์,บางนา,2024-03-11,3.65
21004,มอเตอร์ไซค์,ลาดพร้าว,2023-03-07,4.69
21005,มอเตอร์ไซค์,จตุจักร,2024-03-14,3.85
21006,มอเตอร์ไซค์,ห้วยขวาง,2023-02-20,4.51
21007,มอเตอร์ไซค์,วัฒนา,2024-04-10,4.71
21008,มอเตอร์ไซค์,พญาไท,2024-04-21,4.43
21009,มอเตอร์ไซค์,สาทร,2023-04-19,4.42
21010,มอเตอร์ไซค์,บางรัก,2022-08-07,3.85
21011,มอเตอร์ไซค์,วัฒนา,2023-12-07,4.26
21012,มอเตอร์ไซค์,บางนา,2022-11-08,4.11
21013,มอเตอร์ไซค์,วัฒนา,2023-01-14,4.54
21014,มอเตอร์ไซค์,สาทร,2023-03-28,4.26
21015,มอเตอร์ไซค์,จตุจักร,2023-11-24,3.74
21016,มอเตอร์ไซค์,จตุจักร,2022-12-06,4.69
21017,มอเตอร์ไซค์,จตุจักร,2023-11-27,4.66
21018,มอเตอร์ไซค์,บางกะปิ,2024-01-20,4.09
21019,จักรยาน,ห้วยขวาง,2022-11-06,3.99
21020,มอเตอร์ไซค์,สวนหลวง,2022-06-10,4.75
21021,มอเตอร์ไซค์,บางกะปิ,2022-10-07,4.36
21022,มอเตอร์ไซค์,บางกะปิ,2022-07-20,4.17
21023,มอเตอร์ไซค์,บางกะปิ,2022-06-14,4.69
21024,มอเตอร์ไซค์,ห้วยขวาง,2023-09-17,4.17
21025,มอเตอร์ไซค์,บางรัก,2024-01-20,4.65
21026,มอเตอร์ไซค์,บางกะปิ,2022-11-03,4.21
21027,มอเตอร์ไซค์,ห้วยขวาง,2022-06-01,3.9
21028,รถยนต์,บางรัก,2022-08-28,4.12
21029,มอเตอร์ไซค์,สาทร,2023-06-30,4.48
21030,มอเตอร์ไซค์,จตุจักร,2023-04-05,3.86
21031,มอเตอร์ไซค์,ดินแดง,2022-11-16,4.91
21032,มอเตอร์ไซค์,บางนา,2024-05-16,4.89
21033,รถยนต์,บางรัก,2023-10-18,4.93
21034,จักรยาน,ลาดพร้าว,2024-05-10,4.63
21035,มอเตอร์ไซค์,บางนา,2022-11-26,4.77
21036,มอเตอร์ไซค์,ลาดพร้าว,2024-02-02,3.84
21037,มอเตอร์ไซค์,บางนา,2023-08-08,3.36
21038,มอเตอร์ไซค์,บางนา,2024-01-03,4.04
21039,มอเตอร์ไซค์,ห้วยขวาง,2024-05-09,4.03
21040,มอเตอร์ไซค์,บางรัก,2024-01-23,4.42
21041,มอเตอร์ไซค์,พญาไท,2023-12-20,4.06
21042,มอเตอร์ไซค์,ลาดพร้าว,2024-04-20,3.96
21043,มอเตอร์ไซค์,บางรัก,2024-01-10,4.64
21044,มอเตอร์ไซค์,บางรัก,2024-04-16,4.88
21045,มอเตอร์ไซค์,สาทร,2023-01-19,4.68
21046,มอเตอร์ไซค์,ลาดพร้าว,2022-06-04,4.25
21047,มอเตอร์ไซค์,ดินแดง,2024-07-23,4.82
21048,มอเตอร์ไซค์,วัฒนา,2023-09-20,4.53
21049,มอเตอร์ไซค์,บางนา,2022-12-02,4.04
21050,มอเตอร์ไซค์,บางนา,2023-01-23,3.92
21051,มอเตอร์ไซค์,วัฒนา,2022-09-16,4.28
21052,มอเตอร์ไซค์,สาทร,2022-05-31,4.33
21053,มอเตอร์ไซค์,บางรัก,2023-09-27,3.78
21054,มอเตอร์ไซค์,คลองเตย,2023-03-23,4.29
21055,มอเตอร์ไซค์,บางรัก,2023-10-18,3.66
21056,มอเตอร์ไซค์,สวนหลวง,2022-10-16,4.1
21057,มอเตอร์ไซค์,ลาดพร้าว,2022-08-31,4.29
21058,มอเตอร์ไซค์,ห้วยขวาง,2022-12-20,4.37
21059,มอเตอร์ไซค์,บางนา,2022-12-09,4.26
21060,มอเตอร์ไซค์,สวนหลวง,2022-09-22,4.08
21061,มอเตอร์ไซค์,สาทร,2023-08-27,4.14
21062,มอเตอร์ไซค์,วัฒนา,2022-07-11,4.19
21063,มอเตอร์ไซค์,ลาดพร้าว,2024-02-05,3.84
21064,รถยนต์,พญาไท,2023-10-16,4.87
21065,มอเตอร์ไซค์,สาทร,2023-07-07,4.71
21066,มอเตอร์ไซค์,บางกะปิ,2022-09-03,3.93
21067,รถยนต์,บางนา,2024-06-09,4.75
21068,มอเตอร์ไซค์,ห้วยขวาง,2024-05-27,3.99
21069,มอเตอร์ไซค์,วัฒนา,2022-09-28,4.18
21070,มอเตอร์ไซค์,คลองเตย,2023-08-27,4.06
21071,มอเตอร์ไซค์,บางรัก,2023-05-28,4.02
21072,มอเตอร์ไซค์,ลาดพร้าว,2022-08-07,3.99
21073,มอเตอร์ไซค์,ลาดพร้าว,2024-07-19,5.0
21074,มอเตอร์ไซค์,บางนา,2023-06-22,5.0
21075,มอเตอร์ไซค์,คลองเตย,2023-03-15,4.14
21076,มอเตอร์ไซค์,บางกะปิ,2022-08-14,3.76
21077,จักรยาน,ลาดพร้าว,2023-01-04,4.45
21078,มอเตอร์ไซค์,ลาดพร้าว,2022-08-17,4.57
21079,มอเตอร์ไซค์,บางรัก,2022-08-30,4.73
21080,มอเตอร์ไซค์,สาทร,2024-07-03,4.55
21081,มอเตอร์ไซค์,ห้วยขวาง,2023-11-07,4.66
21082,มอเตอร์ไซค์,บางนา,2023-06-08,5.0
21083,มอเตอร์ไซค์,บางนา,2024-07-25,4.26
21084,จักรยาน,คลองเตย,2023-02-06,4.88
21085,มอเตอร์ไซค์,ดินแดง,2024-05-27,4.66
21086,มอเตอร์ไซค์,ห้วยขวาง,2022-12-20,4.85
21087,มอเตอร์ไซค์,บางกะปิ,2023-01-13,4.46
21088,จักรยาน,สวนหลวง,2023-12-22,4.35
21089,มอเตอร์ไซค์,ห้วยขวาง,2023-10-30,4.84
21090,มอเตอร์ไซค์,บางรัก,2022-07-11,4.61
21091,รถยนต์,ห้วยขวาง,2024-03-13,4.07
21092,มอเตอร์ไซค์,ลาดพร้าว,2023-07-22,4.57
21093,มอเตอร์ไซค์,บางนา,2023-05-15,4.63
21094,จักรยาน,ลาดพร้าว,2022-07-21,4.28
21095,จักรยาน,ลาดพร้าว,2022-11-22,5.0
21096,มอเตอร์ไซค์,จตุจักร,2022-07-01,3.93
21097,มอเตอร์ไซค์,บางนา,2022-11-22,4.03
21098,มอเตอร์ไซค์,บางนา,2023-03-11,3.89
21099,มอเตอร์ไซค์,จตุจักร,2023-12-17,4.66
21100,มอเตอร์ไซค์,ห้วยขวาง,2022-11-03,4.55
21101,มอเตอร์ไซค์,ห้วยขวาง,2023-10-19,3.68
21102,มอเตอร์ไซค์,ลาดพร้าว,2024-01-30,3.64
21103,มอเตอร์ไซค์,สาทร,2023-09-16,4.57
21104,มอเตอร์ไซค์,ดินแดง,2024-02-19,4.15
21105,มอเตอร์ไซค์,บางนา,2023-10-15,4.25
21106,มอเตอร์ไซค์,ลาดพร้าว,2023-01-27,4.22
21107,มอเตอร์ไซค์,บางกะปิ,2022-07-07,4.64
21108,มอเตอร์ไซค์,ดินแดง,2023-06-07,5.0
21109,มอเตอร์ไซค์,บางรัก,2022-10-30,4.45
21110,มอเตอร์ไซค์,บางรัก,2024-07-09,4.27
21111,มอเตอร์ไซค์,จตุจักร,2023-11-28,4.6
21112,มอเตอร์ไซค์,ห้วยขวาง,2024-05-01,4.04
21113,มอเตอร์ไซค์,สวนหลวง,2023-02-24,4.02
21114,มอเตอร์ไซค์,พญาไท,2022-06-30,4.21
21115,จักรยาน,ห้วยขวาง,2023-11-15,4.7
21116,มอเตอร์ไซค์,พญาไท,2023-01-02,4.17
21117,มอเตอร์ไซค์,สวนหลวง,2024-05-04,4.41
21118,มอเตอร์ไซค์,สวนหลวง,2022-12-08,4.53
21119,มอเตอร์ไซค์,จตุจักร,2024-05-27,3.88
21120,มอเตอร์ไซค์,ห้วยขวาง,2023-03-21,3.82
21121,มอเตอร์ไซค์,วัฒนา,2024-02-04,4.64
21122,มอเตอร์ไซค์,สาทร,2022-06-12,4.7
21123,มอเตอร์ไซค์,สวนหลวง,2023-12-18,3.96
21124,มอเตอร์ไซค์,สาทร,2023-04-15,5.0
21125,มอเตอร์ไซค์,วัฒนา,2022-09-07,4.11
21126,มอเตอร์ไซค์,สาทร,2023-01-16,3.86
21127,รถยนต์,สาทร,2024-07-08,3.99
21128,มอเตอร์ไซค์,บางกะปิ,2022-08-20,3.45
21129,มอเตอร์ไซค์,ห้วยขวาง,2023-02-26,5.0
21130,มอเตอร์ไซค์,วัฒนา,2024-06-16,3.09
21131,มอเตอร์ไซค์,สาทร,2023-03-13,4.71
21132,มอเตอร์ไซค์,ห้วยขวาง,2022-08-14,4.85
21133,มอเตอร์ไซค์,ลาดพร้าว,2023-10-07,4.11
21134,มอเตอร์ไซค์,วัฒนา,2022-07-08,4.15
21135,มอเตอร์ไซค์,คลองเตย,2024-01-02,4.09
21136,มอเตอร์ไซค์,บางกะปิ,2023-08-04,4.19
21137,มอเตอร์ไซค์,สวนหลวง,2024-03-01,4.48
21138,มอเตอร์ไซค์,บางนา,2022-11-27,4.21
21139,มอเตอร์ไซค์,ลาดพร้าว,2022-08-28,4.62
21140,มอเตอร์ไซค์,ลาดพร้าว,2024-04-09,3.78
21141,มอเตอร์ไซค์,บางนา,2024-07-13,4.12
21142,มอเตอร์ไซค์,วัฒนา,2022-09-22,3.94
21143,มอเตอร์ไซค์,คลองเตย,2024-04-26,4.1
21144,มอเตอร์ไซค์,คลองเตย,2024-06-04,4.09
21145,มอเตอร์ไซค์,บางนา,2024-04-12,3.71
21146,มอเตอร์ไซค์,บางกะปิ,2024-06-30,4.59
21147,จักรยาน,สาทร,2022-08-23,4.79
21148,มอเตอร์ไซค์,บางนา,2024-05-13,4.4
21149,มอเตอร์ไซค์,จตุจักร,2023-07-15,4.14
21150,มอเตอร์ไซค์,บางนา,2024-06-26,4.69
21151,มอเตอร์ไซค์,สวนหลวง,2023-03-23,3.75
21152,จักรยาน,ห้วยขวาง,2023-12-27,3.27
21153,มอเตอร์ไซค์,ดินแดง,2023-09-30,4.28
21154,มอเตอร์ไซค์,คลองเตย,2023-12-23,4.77
21155,มอเตอร์ไซค์,บางรัก,2022-10-10,4.54
21156,มอเตอร์ไซค์,วัฒนา,2023-05-31,4.05
21157,จักรยาน,ลาดพร้าว,2024-01-21,4.82
21158,จักรยาน,ดินแดง,2022-12-09,4.73
21159,มอเตอร์ไซค์,บางนา,2024-06-05,4.57
21160,มอเตอร์ไซค์,ลาดพร้าว,2023-03-17,5.0
21161,มอเตอร์ไซค์,จตุจักร,2023-06-16,4.98
21162,มอเตอร์ไซค์,จตุจักร,2024-05-25,3.96
21163,รถยนต์,วัฒนา,2024-03-03,4.13
21164,มอเตอร์ไซค์,สาทร,2023-06-25,4.13
21165,มอเตอร์ไซค์,ลาดพร้าว,2023-08-18,4.12
21166,มอเตอร์ไซค์,สาทร,2022-07-08,4.23
21167,มอเตอร์ไซค์,ห้วยขวาง,2022-09-25,4.04
21168,มอเตอร์ไซค์,สาทร,2022-07-23,4.2
21169,มอเตอร์ไซค์,ดินแดง,2023-03-18,4.98
21170,มอเตอร์ไซค์,คลองเตย,2022-09-27,3.8
21171,มอเตอร์ไซค์,วัฒนา,2022-11-06,4.45
21172,มอเตอร์ไซค์,จตุจักร,2022-08-06,4.14
21173,มอเตอร์ไซค์,วัฒนา,2023-01-26,4.58
21174,มอเตอร์ไซค์,จตุจักร,2024-04-05,4.7
21175,มอเตอร์ไซค์,พญาไท,2023-02-09,4.07
21176,มอเตอร์ไซค์,บางนา,2024-07-24,3.91
21177,มอเตอร์ไซค์,สาทร,2022-10-21,4.01
21178,มอเตอร์ไซค์,สาทร,2024-06-07,3.78
21179,จักรยาน,บางนา,2023-04-26,4.05
21180,จักรยาน,ลาดพร้าว,2024-03-06,5.0
21181,มอเตอร์ไซค์,ห้วยขวาง,2023-07-30,4.39
21182,มอเตอร์ไซค์,ลาดพร้าว,2023-08-09,4.51
21183,มอเตอร์ไซค์,ห้วยขวาง,2023-05-14,4.26
21184,มอเตอร์ไซค์,สาทร,2022-09-01,4.41
21185,มอเตอร์ไซค์,ห้วยขวาง,2022-11-10,4.1
21186,มอเตอร์ไซค์,บางรัก,2023-09-06,5.0
21187,รถยนต์,ห้วยขวาง,2022-06-27,4.06
21188,จักรยาน,จตุจักร,2023-11-11,4.19
21189,มอเตอร์ไซค์,ห้วยขวาง,2024-01-11,3.99
21190,มอเตอร์ไซค์,ห้วยขวาง,2022-06-02,3.87
21191,มอเตอร์ไซค์,บางกะปิ,2023-02-17,4.18
21192,มอเตอร์ไซค์,พญาไท,2023-07-05,4.2
21193,มอเตอร์ไซค์,วัฒนา,2023-07-29,4.79
21194,มอเตอร์ไซค์,จตุจักร,2023-01-31,4.61
21195,รถยนต์,ดินแดง,2024-06-05,4.25
21196,มอเตอร์ไซค์,ลาดพร้าว,2023-12-22,4.13
21197,มอเตอร์ไซค์,บางรัก,2022-08-13,3.79
21198,มอเตอร์ไซค์,พญาไท,2023-05-28,4.78
21199,มอเตอร์ไซค์,บางนา,2024-07-26,4.18
21200,มอเตอร์ไซค์,บางกะปิ,2022-12-25,4.47
21201,มอเตอร์ไซค์,ห้วยขวาง,2024-01-19,4.12
21202,มอเตอร์ไซค์,ลาดพร้าว,2024-05-12,4.58
21203,มอเตอร์ไซค์,จตุจักร,2024-02-03,4.07
21204,มอเตอร์ไซค์,บางนา,2024-07-11,4.88
21205,มอเตอร์ไซค์,ห้วยขวาง,2022-11-17,4.59
21206,มอเตอร์ไซค์,สวนหลวง,2023-02-28,4.45
21207,มอเตอร์ไซค์,บางนา,2023-07-17,3.57
21208,มอเตอร์ไซค์,พญาไท,2023-10-26,4.05
21209,มอเตอร์ไซค์,พญาไท,2024-03-23,4.02
21210,มอเตอร์ไซค์,บางกะปิ,2024-06-20,3.52
21211,มอเตอร์ไซค์,วัฒนา,2022-10-05,4.12
21212,มอเตอร์ไซค์,สวนหลวง,2022-10-24,3.89
21213,มอเตอร์ไซค์,พญาไท,2022-07-03,3.03
21214,มอเตอร์ไซค์,สาทร,2023-12-03,4.77
21215,มอเตอร์ไซค์,คลองเตย,2023-01-20,4.17
21216,มอเตอร์ไซค์,ลาดพร้าว,2024-04-07,4.97
21217,มอเตอร์ไซค์,สาทร,2022-07-16,4.02
21218,มอเตอร์ไซค์,พญาไท,2023-08-27,4.64
21219,จักรยาน,วัฒนา,2024-03-22,5.0
21220,มอเตอร์ไซค์,บางรัก,2024-07-02,4.35
21221,มอเตอร์ไซค์,บางรัก,2023-07-19,4.88
21222,มอเตอร์ไซค์,ดินแดง,2023-10-24,4.61
21223,มอเตอร์ไซค์,ห้วยขวาง,2023-10-13,4.27
21224,มอเตอร์ไซค์,บางรัก,2022-06-13,4.82
21225,มอเตอร์ไซค์,บางนา,2023-01-29,4.07
21226,มอเตอร์ไซค์,บางกะปิ,2022-08-27,4.33
21227,มอเตอร์ไซค์,ดินแดง,2024-04-28,4.13
21228,มอเตอร์ไซค์,สวนหลวง,2024-06-07,4.37
21229,จักรยาน,วัฒนา,2023-03-09,4.22
21230,มอเตอร์ไซค์,จตุจักร,2023-04-20,4.48
21231,มอเตอร์ไซค์,คลองเตย,2023-08-10,4.1
21232,มอเตอร์ไซค์,ลาดพร้าว,2022-12-08,3.86
21233,มอเตอร์ไซค์,จตุจักร,2022-11-29,4.41
21234,มอเตอร์ไซค์,บางกะปิ,2022-06-12,4.25
21235,มอเตอร์ไซค์,วัฒนา,2022-12-16,5.0
21236,มอเตอร์ไซค์,คลองเตย,2023-04-04,4.45
21237,มอเตอร์ไซค์,บางกะปิ,2024-01-07,4.4
21238,มอเตอร์ไซค์,ห้วยขวาง,2024-02-27,4.1
21239,มอเตอร์ไซค์,ลาดพร้าว,2023-04-03,4.12
21240,มอเตอร์ไซค์,สาทร,2023-02-28,4.64
21241,มอเตอร์ไซค์,บางกะปิ,2024-05-06,3.82
21242,จักรยาน,ลาดพร้าว,2024-05-08,4.72
21243,มอเตอร์ไซค์,ลาดพร้าว,2023-04-06,4.08
21244,มอเตอร์ไซค์,ห้วยขวาง,2023-08-23,4.96
21245,รถยนต์,สาทร,2023-06-17,3.92
21246,มอเตอร์ไซค์,ลาดพร้าว,2023-10-30,4.06
21247,จักรยาน,ห้วยขวาง,2022-12-08,4.52
21248,มอเตอร์ไซค์,สาทร,2023-10-31,4.75
21249,จักรยาน,ลาดพร้าว,2024-02-15,3.65
21250,มอเตอร์ไซค์,บางกะปิ,2022-11-07,4.38
21251,จักรยาน,บางรัก,2023-07-10,4.18
21252,มอเตอร์ไซค์,บางนา,2024-03-30,3.99
21253,มอเตอร์ไซค์,ลาดพร้าว,2024-03-13,4.62
21254,มอเตอร์ไซค์,สาทร,2024-01-14,3.8
21255,มอเตอร์ไซค์,พญาไท,2024-01-02,4.42
21256,มอเตอร์ไซค์,ลาดพร้าว,2022-10-30,4.74
21257,มอเตอร์ไซค์,ลาดพร้าว,2022-06-03,3.96
21258,มอเตอร์ไซค์,บางกะปิ,2022-05-26,4.54
21259,มอเตอร์ไซค์,จตุจักร,2023-11-20,4.51
21260,รถยนต์,ห้วยขวาง,2024-01-17,5.0
21261,มอเตอร์ไซค์,บางนา,2023-07-02,4.87
21262,มอเตอร์ไซค์,บางกะปิ,2023-11-30,4.61
21263,มอเตอร์ไซค์,บางรัก,2023-04-03,4.32
21264,มอเตอร์ไซค์,ลาดพร้าว,2023-09-17,4.63
21265,จักรยาน,บางนา,2023-04-01,4.85
21266,มอเตอร์ไซค์,บางนา,2023-02-03,4.17
21267,มอเตอร์ไซค์,ลาดพร้าว,2024-07-07,4.47
21268,มอเตอร์ไซค์,ลาดพร้าว,2023-11-19,4.29
21269,มอเตอร์ไซค์,จตุจักร,2024-05-13,4.15
21270,มอเตอร์ไซค์,บางกะปิ,2024-01-11,4.57
21271,มอเตอร์ไซค์,ลาดพร้าว,2024-07-16,4.73
21272,มอเตอร์ไซค์,ลาดพร้าว,2022-08-12,3.8
21273,มอเตอร์ไซค์,บางกะปิ,2023-12-11,4.84
21274,มอเตอร์ไซค์,บางนา,2022-11-09,4.5
21275,มอเตอร์ไซค์,วัฒนา,2022-11-06,5.0
21276,จักรยาน,บางนา,2022-06-26,4.79
21277,มอเตอร์ไซค์,คลองเตย,2023-04-03,4.4
21278,มอเตอร์ไซค์,บางนา,2023-02-14,3.94
21279,มอเตอร์ไซค์,บางนา,2023-12-21,3.99
21280,รถยนต์,ดินแดง,2023-09-04,4.76
21281,มอเตอร์ไซค์,พญาไท,2024-01-15,4.29
21282,มอเตอร์ไซค์,บางรัก,2023-07-14,3.78
21283,มอเตอร์ไซค์,ลาดพร้าว,2022-09-25,4.6
21284,มอเตอร์ไซค์,วัฒนา,2024-02-10,3.93
21285,จักรยาน,จตุจักร,2024-01-19,4.5
21286,มอเตอร์ไซค์,ห้วยขวาง,2023-05-31,4.42
21287,มอเตอร์ไซค์,วัฒนา,2022-10-12,4.39
21288,มอเตอร์ไซค์,บางกะปิ,2024-05-07,3.97
21289,มอเตอร์ไซค์,ดินแดง,2023-03-14,4.36
21290,มอเตอร์ไซค์,คลองเตย,2023-08-12,4.32
21291,มอเตอร์ไซค์,ห้วยขวาง,2023-01-15,4.48
21292,มอเตอร์ไซค์,ลาดพร้าว,2023-10-30,4.05
21293,มอเตอร์ไซค์,ห้วยขวาง,2023-08-12,4.61
21294,มอเตอร์ไซค์,วัฒนา,2023-09-04,3.86
21295,จักรยาน,จตุจักร,2024-04-21,4.7
21296,มอเตอร์ไซค์,สาทร,2023-01-24,3.81
21297,มอเตอร์ไซค์,ลาดพร้าว,2024-03-10,4.44
21298,จักรยาน,ลาดพร้าว,2022-07-05,4.72
21299,มอเตอร์ไซค์,ห้วยขวาง,2023-09-27,5.0
21300,มอเตอร์ไซค์,บางนา,2022-06-04,4.36
21301,มอเตอร์ไซค์,วัฒนา,2022-08-19,4.32
21302,มอเตอร์ไซค์,บางกะปิ,2024-03-26,3.72
21303,มอเตอร์ไซค์,บางนา,2023-12-06,3.99
21304,จักรยาน,ลาดพร้าว,2023-08-17,4.35
21305,มอเตอร์ไซค์,ห้วยขวาง,2024-02-02,4.7
21306,มอเตอร์ไซค์,จตุจักร,2023-06-12,4.09
21307,รถยนต์,บางกะปิ,2022-09-14,3.98
21308,มอเตอร์ไซค์,บางนา,2023-03-04,4.49
21309,มอเตอร์ไซค์,ห้วยขวาง,2024-01-11,4.95
21310,มอเตอร์ไซค์,สาทร,2023-10-02,3.59
21311,จักรยาน,วัฒนา,2023-02-26,4.69
21312,จักรยาน,บางกะปิ,2023-09-29,4.45
21313,มอเตอร์ไซค์,บางนา,2024-04-29,5.0
21314,มอเตอร์ไซค์,บางนา,2023-11-21,4.52
21315,มอเตอร์ไซค์,สาทร,2023-03-22,4.68
21316,มอเตอร์ไซค์,ลาดพร้าว,2022-06-06,4.49
21317,มอเตอร์ไซค์,วัฒนา,2023-11-27,4.35
21318,มอเตอร์ไซค์,ห้วยขวาง,2022-09-19,4.49
21319,มอเตอร์ไซค์,พญาไท,2022-08-16,4.39
21320,มอเตอร์ไซค์,บางรัก,2023-03-21,3.75
21321,มอเตอร์ไซค์,ลาดพร้าว,2022-10-08,4.91
21322,มอเตอร์ไซค์,บางนา,2022-06-25,4.4
21323,มอเตอร์ไซค์,จตุจักร,2023-03-28,4.61
21324,มอเตอร์ไซค์,วัฒนา,2023-02-11,4.41
21325,มอเตอร์ไซค์,พญาไท,2022-08-20,4.57
21326,รถยนต์,ดินแดง,2023-07-14,4.54
21327,มอเตอร์ไซค์,ลาดพร้าว,2023-03-21,3.84
21328,มอเตอร์ไซค์,บางรัก,2023-03-16,4.42
21329,มอเตอร์ไซค์,สวนหลวง,2023-02-10,4.4
21330,มอเตอร์ไซค์,วัฒนา,2024-06-11,3.81
21331,มอเตอร์ไซค์,ห้วยขวาง,2024-02-03,4.11
21332,จักรยาน,พญาไท,2024-03-07,4.67
21333,จักรยาน,พญาไท,2023-07-31,4.66
21334,มอเตอร์ไซค์,บางนา,2022-10-02,4.59
21335,มอเตอร์ไซค์,ห้วยขวาง,2023-04-22,4.67
21336,จักรยาน,บางกะปิ,2024-07-02,4.61
21337,มอเตอร์ไซค์,บางนา,2022-07-15,4.8
21338,รถยนต์,ห้วยขวาง,2022-09-21,4.76
21339,จักรยาน,สาทร,2022-09-19,4.69
21340,มอเตอร์ไซค์,จตุจักร,2024-04-28,4.56
21341,รถยนต์,จตุจักร,2023-11-26,4.44
21342,มอเตอร์ไซค์,จตุจักร,2023-03-17,4.74
21343,มอเตอร์ไซค์,คลองเตย,2024-03-16,4.55
21344,มอเตอร์ไซค์,สาทร,2022-08-29,4.4
21345,มอเตอร์ไซค์,วัฒนา,2022-11-11,4.85
21346,มอเตอร์ไซค์,สาทร,2023-07-11,4.51
21347,มอเตอร์ไซค์,จตุจักร,2023-04-13,4.7
21348,มอเตอร์ไซค์,บางนา,2024-07-08,4.41
21349,มอเตอร์ไซค์,บางนา,2023-12-15,4.49
21350,มอเตอร์ไซค์,บางนา,2024-02-27,3.89
21351,มอเตอร์ไซค์,จตุจักร,2024-04-13,4.39
21352,จักรยาน,ห้วยขวาง,2023-01-06,4.86
21353,มอเตอร์ไซค์,ลาดพร้าว,2023-06-28,4.45
21354,มอเตอร์ไซค์,ลาดพร้าว,2022-07-07,3.96
21355,มอเตอร์ไซค์,ห้วยขวาง,2023-06-14,3.85
21356,มอเตอร์ไซค์,สาทร,2023-08-12,4.06
21357,มอเตอร์ไซค์,พญาไท,2024-03-16,5.0
21358,มอเตอร์ไซค์,ลาดพร้าว,2022-11-11,4.34
21359,มอเตอร์ไซค์,จตุจักร,2023-08-29,4.05
21360,มอเตอร์ไซค์,บางกะปิ,2024-03-22,4.85
21361,มอเตอร์ไซค์,ดินแดง,2024-01-27,4.92
21362,มอเตอร์ไซค์,สวนหลวง,2023-03-23,4.07
21363,มอเตอร์ไซค์,บางนา,2024-03-31,5.0
21364,มอเตอร์ไซค์,ห้วยขวาง,2024-03-18,4.07
21365,จักรยาน,ห้วยขวาง,2022-12-13,4.4
21366,มอเตอร์ไซค์,ห้วยขวาง,2023-03-30,4.3
21367,มอเตอร์ไซค์,ห้วยขวาง,2024-02-26,3.97
21368,จักรยาน,วัฒนา,2022-12-25,3.99
21369,รถยนต์,จตุจักร,2023-07-22,4.66
21370,มอเตอร์ไซค์,บางนา,2022-12-09,3.86
21371,มอเตอร์ไซค์,สาทร,2023-08-25,4.54
21372,จักรยาน,สาทร,2022-08-27,4.64
21373,มอเตอร์ไซค์,พญาไท,2023-02-04,3.72
21374,มอเตอร์ไซค์,ลาดพร้าว,2023-03-24,4.45
21375,มอเตอร์ไซค์,สาทร,2023-11-15,4.52
21376,มอเตอร์ไซค์,ห้วยขวาง,2024-07-19,4.83
21377,มอเตอร์ไซค์,ห้วยขวาง,2022-07-17,4.44
21378,จักรยาน,ลาดพร้าว,2024-07-04,4.68
21379,รถยนต์,บางกะปิ,2024-01-17,4.22
21380,มอเตอร์ไซค์,ลาดพร้าว,2023-07-14,4.88
21381,มอเตอร์ไซค์,บางนา,2023-04-17,4.6
21382,มอเตอร์ไซค์,สาทร,2023-03-18,3.41
21383,มอเตอร์ไซค์,จตุจักร,2023-03-22,3.96
21384,จักรยาน,พญาไท,2023-11-11,4.45
21385,มอเตอร์ไซค์,จตุจักร,2023-05-27,4.1
21386,มอเตอร์ไซค์,ดินแดง,2022-07-24,4.87
21387,มอเตอร์ไซค์,ดินแดง,2023-04-11,4.47
21388,มอเตอร์ไซค์,สาทร,2022-07-05,3.93
21389,รถยนต์,พญาไท,2023-03-06,4.86
21390,มอเตอร์ไซค์,ดินแดง,2022-07-01,4.35
21391,มอเตอร์ไซค์,บางนา,2023-05-06,4.73
21392,มอเตอร์ไซค์,สาทร,2023-09-16,3.7
21393,มอเตอร์ไซค์,บางรัก,2022-12-31,4.09
21394,มอเตอร์ไซค์,วัฒนา,2022-11-28,3.94
21395,มอเตอร์ไซค์,ลาดพร้าว,2023-06-15,4.32
21396,มอเตอร์ไซค์,สวนหลวง,2023-09-15,4.04
21397,จักรยาน,บางนา,2024-05-03,4.27
21398,มอเตอร์ไซค์,ดินแดง,2023-07-12,3.84
21399,จักรยาน,ลาดพร้าว,2024-05-26,3.58
21400,มอเตอร์ไซค์,จตุจักร,2024-03-12,5.0
21401,จักรยาน,ห้วยขวาง,2022-11-16,4.31
21402,มอเตอร์ไซค์,สวนหลวง,2023-02-09,3.86
21403,มอเตอร์ไซค์,บางกะปิ,2024-06-15,5.0
21404,มอเตอร์ไซค์,บางนา,2024-07-13,4.32
21405,มอเตอร์ไซค์,ห้วยขวาง,2023-11-07,4.51
21406,มอเตอร์ไซค์,จตุจักร,2024-03-01,3.77
21407,มอเตอร์ไซค์,ลาดพร้าว,2023-08-11,4.54
21408,มอเตอร์ไซค์,ห้วยขวาง,2022-08-16,4.33
21409,มอเตอร์ไซค์,สวนหลวง,2024-07-06,4.31
21410,มอเตอร์ไซค์,วัฒนา,2023-12-13,4.23
21411,มอเตอร์ไซค์,สาทร,2022-11-05,4.16
21412,มอเตอร์ไซค์,วัฒนา,2022-06-13,4.08
21413,มอเตอร์ไซค์,ดินแดง,2022-12-20,4.55
21414,รถยนต์,ลาดพร้าว,2022-12-04,4.39
21415,มอเตอร์ไซค์,วัฒนา,2022-06-08,4.36
21416,มอเตอร์ไซค์,สวนหลวง,2022-07-20,4.38
21417,มอเตอร์ไซค์,สวนหลวง,2023-05-14,4.61
21418,มอเตอร์ไซค์,พญาไท,2023-09-25,4.61
21419,มอเตอร์ไซค์,จตุจักร,2023-06-14,4.76
21420,มอเตอร์ไซค์,วัฒนา,2024-02-27,4.46
21421,รถยนต์,คลองเตย,2024-05-13,3.64
21422,มอเตอร์ไซค์,บางกะปิ,2024-05-30,3.69
21423,มอเตอร์ไซค์,บางนา,2023-01-09,4.8
21424,มอเตอร์ไซค์,ลาดพร้าว,2023-09-28,3.53
21425,มอเตอร์ไซค์,ดินแดง,2024-04-21,4.36
21426,มอเตอร์ไซค์,ห้วยขวาง,2023-12-09,4.24
21427,มอเตอร์ไซค์,จตุจักร,2023-12-14,3.66
21428,มอเตอร์ไซค์,จตุจักร,2023-04-11,3.96
21429,มอเตอร์ไซค์,พญาไท,2023-01-16,4.17
21430,มอเตอร์ไซค์,คลองเตย,2022-09-08,3.9
21431,รถยนต์,ห้วยขวาง,2022-07-17,4.71
21432,มอเตอร์ไซค์,สาทร,2022-12-05,4.58
21433,มอเตอร์ไซค์,บางกะปิ,2022-12-19,4.43
21434,มอเตอร์ไซค์,ห้วยขวาง,2022-07-07,4.5
21435,รถยนต์,บางนา,2024-07-26,5.0
21436,มอเตอร์ไซค์,จตุจักร,2024-02-24,5.0
21437,มอเตอร์ไซค์,บางนา,2024-05-18,4.03
21438,รถยนต์,วัฒนา,2023-11-07,4.22
21439,มอเตอร์ไซค์,บางนา,2023-01-01,4.1
21440,มอเตอร์ไซค์,บางนา,2022-12-11,4.49
21441,มอเตอร์ไซค์,บางนา,2023-04-22,4.2
21442,มอเตอร์ไซค์,บางรัก,2022-08-08,4.18
21443,มอเตอร์ไซค์,คลองเตย,2024-06-23,4.41
21444,มอเตอร์ไซค์,บางนา,2024-06-08,4.16
21445,จักรยาน,วัฒนา,2023-03-27,4.72
21446,มอเตอร์ไซค์,สวนหลวง,2022-06-15,4.1
21447,มอเตอร์ไซค์,คลองเตย,2023-10-24,4.39
21448,มอเตอร์ไซค์,บางนา,2024-04-05,4.1
21449,มอเตอร์ไซค์,ห้วยขวาง,2022-07-25,4.46
21450,มอเตอร์ไซค์,สวนหลวง,2024-02-26,4.7
21451,มอเตอร์ไซค์,สาทร,2024-04-18,4.55
21452,มอเตอร์ไซค์,บางนา,2023-06-30,3.83
21453,มอเตอร์ไซค์,ดินแดง,2023-01-14,4.12
21454,มอเตอร์ไซค์,พญาไท,2023-10-23,4.12
21455,มอเตอร์ไซค์,บางกะปิ,2022-11-24,3.95
21456,มอเตอร์ไซค์,จตุจักร,2022-11-11,4.31
21457,มอเตอร์ไซค์,จตุจักร,2024-05-07,4.75
21458,มอเตอร์ไซค์,ลาดพร้าว,2023-02-01,5.0
21459,มอเตอร์ไซค์,ห้วยขวาง,2024-05-02,4.67
21460,มอเตอร์ไซค์,ลาดพร้าว,2024-04-06,4.76
21461,มอเตอร์ไซค์,ห้วยขวาง,2023-03-18,4.36
21462,มอเตอร์ไซค์,จตุจักร,2023-12-11,4.37
21463,มอเตอร์ไซค์,พญาไท,2023-04-29,4.18
21464,มอเตอร์ไซค์,บางนา,2023-02-19,4.41
21465,มอเตอร์ไซค์,บางนา,2022-12-11,5.0
21466,มอเตอร์ไซค์,ห้วยขวาง,2022-07-30,4.76
21467,มอเตอร์ไซค์,บางกะปิ,2023-06-23,4.09
21468,มอเตอร์ไซค์,ห้วยขวาง,2023-07-24,4.79
21469,จักรยาน,บางนา,2022-11-01,4.57
21470,มอเตอร์ไซค์,ลาดพร้าว,2023-10-27,4.64
21471,จักรยาน,สาทร,2023-06-16,4.45
21472,มอเตอร์ไซค์,บางรัก,2023-01-05,4.26
21473,มอเตอร์ไซค์,ดินแดง,2024-01-19,3.1
21474,มอเตอร์ไซค์,จตุจักร,2022-07-21,5.0
21475,มอเตอร์ไซค์,สวนหลวง,2023-09-06,4.0
21476,มอเตอร์ไซค์,ห้วยขวาง,2024-07-23,4.3
21477,มอเตอร์ไซค์,พญาไท,2024-04-16,4.39
21478,มอเตอร์ไซค์,ห้วยขวาง,2023-01-05,4.53
21479,มอเตอร์ไซค์,คลองเตย,2024-04-01,5.0
21480,มอเตอร์ไซค์,วัฒนา,2023-10-11,4.57
21481,มอเตอร์ไซค์,บางนา,2024-01-01,5.0
21482,มอเตอร์ไซค์,ห้วยขวาง,2023-07-20,3.53
21483,มอเตอร์ไซค์,ลาดพร้าว,2023-02-06,4.05
21484,มอเตอร์ไซค์,ลาดพร้าว,2023-09-04,4.48
21485,มอเตอร์ไซค์,บางกะปิ,2024-01-27,4.55
21486,จักรยาน,สาทร,2022-11-29,4.18
21487,มอเตอร์ไซค์,บางรัก,2024-03-29,4.48
21488,มอเตอร์ไซค์,บางนา,2024-07-14,4.11
21489,มอเตอร์ไซค์,สาทร,2023-09-08,4.07
21490,มอเตอร์ไซค์,บางนา,2024-04-17,4.53
21491,มอเตอร์ไซค์,ลาดพร้าว,2023-12-27,4.0
21492,จักรยาน,พญาไท,2024-03-02,5.0
21493,มอเตอร์ไซค์,บางนา,2023-06-18,3.98
21494,มอเตอร์ไซค์,พญาไท,2023-02-26,4.65
21495,มอเตอร์ไซค์,บางกะปิ,2023-10-09,4.55
21496,รถยนต์,พญาไท,2024-03-08,4.05
21497,มอเตอร์ไซค์,สาทร,2022-09-08,4.36
21498,มอเตอร์ไซค์,วัฒนา,2022-12-16,4.55
21499,มอเตอร์ไซค์,สวนหลวง,2024-05-11,5.0
21500,มอเตอร์ไซค์,บางนา,2022-11-22,4.5
21501,มอเตอร์ไซค์,พญาไท,2023-05-31,3.27
21502,มอเตอร์ไซค์,บางนา,2023-01-29,3.88
21503,มอเตอร์ไซค์,สาทร,2023-04-24,4.64
21504,มอเตอร์ไซค์,ลาดพร้าว,2023-01-10,4.21
21505,มอเตอร์ไซค์,สาทร,2022-08-25,3.36
21506,มอเตอร์ไซค์,ดินแดง,2023-02-26,4.82
21507,จักรยาน,ลาดพร้าว,2024-04-09,4.22
21508,มอเตอร์ไซค์,วัฒนา,2023-06-22,4.48
21509,มอเตอร์ไซค์,จตุจักร,2023-10-28,4.47
21510,มอเตอร์ไซค์,ห้วยขวาง,2022-07-13,4.8
21511,รถยนต์,พญาไท,2023-06-15,4.41
21512,มอเตอร์ไซค์,คลองเตย,2023-09-25,4.37
21513,มอเตอร์ไซค์,ห้วยขวาง,2023-01-20,4.41
21514,จักรยาน,ดินแดง,2024-07-09,4.13
21515,มอเตอร์ไซค์,ห้วยขวาง,2023-08-23,4.79
21516,มอเตอร์ไซค์,บางกะปิ,2023-09-28,4.38
21517,มอเตอร์ไซค์,สวนหลวง,2022-06-13,4.01
21518,จักรยาน,บางรัก,2023-11-30,4.14
21519,มอเตอร์ไซค์,ดินแดง,2023-02-20,5.0
21520,มอเตอร์ไซค์,วัฒนา,2023-12-17,4.62
21521,มอเตอร์ไซค์,ห้วยขวาง,2024-05-02,4.96
21522,จักรยาน,จตุจักร,2023-09-22,4.85
21523,มอเตอร์ไซค์,บางกะปิ,2024-05-06,4.11
21524,มอเตอร์ไซค์,ห้วยขวาง,2023-06-02,3.68
21525,มอเตอร์ไซค์,ลาดพร้าว,2023-09-05,4.46
21526,มอเตอร์ไซค์,บางนา,2024-06-01,4.38
21527,มอเตอร์ไซค์,ลาดพร้าว,2023-11-10,4.4
21528,มอเตอร์ไซค์,ดินแดง,2023-04-21,4.22
21529,มอเตอร์ไซค์,จตุจักร,2022-06-24,4.67
21530,จักรยาน,ลาดพร้าว,2023-06-27,4.56
21531,มอเตอร์ไซค์,บางรัก,2022-10-14,3.76
21532,มอเตอร์ไซค์,บางรัก,2023-05-24,4.18
21533,มอเตอร์ไซค์,ห้วยขวาง,2023-12-18,4.53
21534,มอเตอร์ไซค์,บางนา,2023-01-02,4.68
21535,มอเตอร์ไซค์,บางรัก,2024-01-20,4.49
21536,มอเตอร์ไซค์,บางรัก,2022-11-08,4.14
21537,มอเตอร์ไซค์,บางนา,2024-05-25,3.65
21538,มอเตอร์ไซค์,ลาดพร้าว,2023-06-06,3.73
21539,มอเตอร์ไซค์,บางกะปิ,2023-06-25,4.7
21540,รถยนต์,จตุจักร,2022-09-28,4.1
21541,มอเตอร์ไซค์,พญาไท,2023-12-20,4.59
21542,มอเตอร์ไซค์,พญาไท,2023-01-12,4.78
21543,มอเตอร์ไซค์,ดินแดง,2022-08-30,4.26
21544,จักรยาน,บางรัก,2022-10-03,3.75
21545,มอเตอร์ไซค์,สวนหลวง,2024-01-04,4.8
21546,มอเตอร์ไซค์,บางนา,2024-05-07,4.45
21547,มอเตอร์ไซค์,สาทร,2023-05-08,4.16
21548,จักรยาน,ดินแดง,2023-03-15,5.0
21549,จักรยาน,สวนหลวง,2022-11-20,4.24
21550,มอเตอร์ไซค์,คลองเตย,2024-01-05,4.25
21551,มอเตอร์ไซค์,บางกะปิ,2024-01-29,4.11
21552,มอเตอร์ไซค์,บางนา,2023-07-10,4.22
21553,มอเตอร์ไซค์,คลองเตย,2024-01-01,4.22
21554,มอเตอร์ไซค์,ดินแดง,2023-07-12,3.62
21555,มอเตอร์ไซค์,สาทร,2022-09-30,4.26
21556,มอเตอร์ไซค์,วัฒนา,2022-06-12,5.0
21557,มอเตอร์ไซค์,บางนา,2022-06-09,4.02
21558,มอเตอร์ไซค์,ห้วยขวาง,2023-02-14,4.14
21559,มอเตอร์ไซค์,สวนหลวง,2023-06-10,4.65
21560,มอเตอร์ไซค์,ดินแดง,2024-03-13,4.59
21561,มอเตอร์ไซค์,บางนา,2023-04-23,4.17
21562,มอเตอร์ไซค์,ลาดพร้าว,2024-01-05,4.82
21563,มอเตอร์ไซค์,ลาดพร้าว,2022-07-24,4.63
21564,มอเตอร์ไซค์,บางนา,2023-04-06,4.4
21565,มอเตอร์ไซค์,คลองเตย,2024-02-01,4.73
21566,จักรยาน,สาทร,2023-02-18,4.36
21567,รถยนต์,สวนหลวง,2022-12-01,4.45
21568,มอเตอร์ไซค์,สาทร,2023-07-21,4.1
21569,มอเตอร์ไซค์,บางรัก,2023-10-10,5.0
21570,มอเตอร์ไซค์,ดินแดง,2024-01-07,4.46
21571,มอเตอร์ไซค์,บางกะปิ,2023-04-07,4.46
21572,มอเตอร์ไซค์,วัฒนา,2024-07-06,4.71
21573,มอเตอร์ไซค์,ห้วยขวาง,2022-06-26,5.0
21574,มอเตอร์ไซค์,สวนหลวง,2024-03-23,4.58
21575,มอเตอร์ไซค์,บางนา,2024-01-28,3.66
21576,มอเตอร์ไซค์,ห้วยขวาง,2023-03-28,3.93
21577,มอเตอร์ไซค์,บางนา,2023-01-29,4.52
21578,มอเตอร์ไซค์,วัฒนา,2022-06-04,3.94
21579,จักรยาน,สาทร,2022-10-04,3.82
21580,มอเตอร์ไซค์,ลาดพร้าว,2023-09-20,3.41
21581,มอเตอร์ไซค์,ลาดพร้าว,2022-06-25,3.65
21582,มอเตอร์ไซค์,ห้วยขวาง,2023-07-06,5.0
21583,มอเตอร์ไซค์,จตุจักร,2023-04-29,4.39
21584,มอเตอร์ไซค์,บางนา,2022-07-18,4.63
21585,มอเตอร์ไซค์,ลาดพร้าว,2023-03-27,4.55
21586,มอเตอร์ไซค์,วัฒนา,2024-07-27,4.51
21587,มอเตอร์ไซค์,บางกะปิ,2023-12-08,4.47
21588,มอเตอร์ไซค์,สาทร,2023-06-12,4.96
21589,มอเตอร์ไซค์,พญาไท,2024-06-26,4.73
21590,มอเตอร์ไซค์,สาทร,2023-08-24,4.42
21591,มอเตอร์ไซค์,วัฒนา,2022-06-14,4.78
21592,มอเตอร์ไซค์,สาทร,2023-06-07,3.94
21593,มอเตอร์ไซค์,จตุจักร,2024-06-02,4.72
21594,จักรยาน,วัฒนา,2022-10-24,5.0
21595,มอเตอร์ไซค์,ห้วยขวาง,2022-09-16,4.4
21596,มอเตอร์ไซค์,สาทร,2023-05-30,4.07
21597,มอเตอร์ไซค์,ห้วยขวาง,2023-05-02,4.34
21598,มอเตอร์ไซค์,บางรัก,2023-09-03,4.07
21599,มอเตอร์ไซค์,บางนา,2023-01-09,3.99
21600,มอเตอร์ไซค์,บางรัก,2024-06-30,3.98
21601,จักรยาน,สวนหลวง,2023-05-06,3.97
21602,มอเตอร์ไซค์,วัฒนา,2024-03-29,5.0
21603,มอเตอร์ไซค์,จตุจักร,2023-12-24,3.8
21604,มอเตอร์ไซค์,บางนา,2024-07-21,4.0
21605,มอเตอร์ไซค์,พญาไท,2023-09-24,4.76
21606,มอเตอร์ไซค์,คลองเตย,2022-07-14,4.88
21607,มอเตอร์ไซค์,บางนา,2022-08-03,4.01
21608,มอเตอร์ไซค์,บางนา,2023-06-04,4.26
21609,มอเตอร์ไซค์,พญาไท,2024-06-09,4.52
21610,มอเตอร์ไซค์,บางนา,2023-03-07,5.0
21611,มอเตอร์ไซค์,จตุจักร,2023-03-13,3.45
21612,มอเตอร์ไซค์,พญาไท,2023-03-12,3.45
21613,มอเตอร์ไซค์,พญาไท,2024-05-03,4.37
21614,มอเตอร์ไซค์,บางกะปิ,2022-09-19,4.74
21615,จักรยาน,บางนา,2022-08-23,4.44
21616,จักรยาน,สวนหลวง,2022-12-27,4.15
21617,มอเตอร์ไซค์,ห้วยขวาง,2024-06-23,4.12
21618,มอเตอร์ไซค์,บางนา,2023-02-23,5.0
21619,มอเตอร์ไซค์,ดินแดง,2022-10-13,4.64
21620,มอเตอร์ไซค์,วัฒนา,2023-02-02,3.76
21621,มอเตอร์ไซค์,ดินแดง,2023-10-02,4.93
21622,มอเตอร์ไซค์,บางรัก,2023-04-29,4.79
21623,มอเตอร์ไซค์,ดินแดง,2024-05-13,4.12
21624,มอเตอร์ไซค์,สาทร,2023-11-27,4.39
21625,จักรยาน,บางกะปิ,2023-10-06,4.95
21626,จักรยาน,บางนา,2023-05-25,4.08
21627,มอเตอร์ไซค์,สาทร,2024-02-13,4.5
21628,มอเตอร์ไซค์,วัฒนา,2022-09-12,4.22
21629,มอเตอร์ไซค์,ดินแดง,2024-03-23,4.42
21630,มอเตอร์ไซค์,บางกะปิ,2022-10-13,4.2
21631,จักรยาน,บางรัก,2023-03-19,3.61
21632,มอเตอร์ไซค์,สาทร,2022-06-17,4.34
21633,มอเตอร์ไซค์,สวนหลวง,2023-08-19,4.41
21634,มอเตอร์ไซค์,ลาดพร้าว,2023-08-03,4.48
21635,มอเตอร์ไซค์,บางนา,2023-07-21,3.94
21636,มอเตอร์ไซค์,บางกะปิ,2023-08-10,3.81
21637,มอเตอร์ไซค์,ห้วยขวาง,2022-08-05,4.48
21638,มอเตอร์ไซค์,คลองเตย,2024-01-09,3.9
21639,มอเตอร์ไซค์,บางกะปิ,2023-06-05,4.56
21640,มอเตอร์ไซค์,พญาไท,2023-05-07,4.52
21641,มอเตอร์ไซค์,บางรัก,2022-10-15,4.47
21642,มอเตอร์ไซค์,คลองเตย,2024-03-13,4.29
21643,จักรยาน,บางกะปิ,2024-02-29,4.53
21644,มอเตอร์ไซค์,จตุจักร,2024-02-06,5.0
21645,มอเตอร์ไซค์,บางกะปิ,2022-09-08,4.87
21646,มอเตอร์ไซค์,บางนา,2022-11-05,3.55
21647,มอเตอร์ไซค์,ห้วยขวาง,2024-04-26,3.74
21648,จักรยาน,บางกะปิ,2022-12-18,4.5
21649,มอเตอร์ไซค์,ลาดพร้าว,2024-02-15,4.51
21650,มอเตอร์ไซค์,วัฒนา,2023-01-23,4.0
21651,มอเตอร์ไซค์,บางกะปิ,2023-10-23,3.29
21652,มอเตอร์ไซค์,บางนา,2024-01-03,4.47
21653,มอเตอร์ไซค์,ลาดพร้าว,2023-04-04,5.0
21654,รถยนต์,บางรัก,2023-01-25,3.74
21655,มอเตอร์ไซค์,สาทร,2023-12-22,4.23
21656,มอเตอร์ไซค์,คลองเตย,2023-06-16,4.46
21657,มอเตอร์ไซค์,ลาดพร้าว,2023-07-12,4.59
21658,มอเตอร์ไซค์,พญาไท,2023-06-08,3.97
21659,มอเตอร์ไซค์,วัฒนา,2023-03-20,4.59
21660,มอเตอร์ไซค์,ลาดพร้าว,2023-10-19,3.85
21661,มอเตอร์ไซค์,ห้วยขวาง,2023-01-25,4.53
21662,มอเตอร์ไซค์,บางกะปิ,2024-06-17,3.59
21663,มอเตอร์ไซค์,คลองเตย,2022-11-07,4.14
21664,มอเตอร์ไซค์,บางกะปิ,2022-11-21,3.74
21665,มอเตอร์ไซค์,บางนา,2023-01-07,3.71
21666,มอเตอร์ไซค์,บางรัก,2022-11-10,4.12
21667,มอเตอร์ไซค์,คลองเตย,2023-01-23,4.23
21668,มอเตอร์ไซค์,บางนา,2022-10-06,3.98
21669,มอเตอร์ไซค์,ลาดพร้าว,2024-05-30,4.83
21670,มอเตอร์ไซค์,จตุจักร,2022-10-10,4.58
21671,รถยนต์,ห้วยขวาง,2023-11-21,3.6
21672,มอเตอร์ไซค์,จตุจักร,2023-03-06,4.44
21673,มอเตอร์ไซค์,สวนหลวง,2023-06-09,4.48
21674,มอเตอร์ไซค์,จตุจักร,2022-09-24,4.42
21675,มอเตอร์ไซค์,คลองเตย,2023-09-24,4.77
21676,มอเตอร์ไซค์,บางกะปิ,2024-05-07,4.74
21677,มอเตอร์ไซค์,บางนา,2023-02-10,4.14
21678,มอเตอร์ไซค์,พญาไท,2023-11-03,4.0
21679,มอเตอร์ไซค์,ลาดพร้าว,2024-01-02,3.31
21680,มอเตอร์ไซค์,วัฒนา,2022-09-02,3.93
21681,มอเตอร์ไซค์,บางนา,2022-10-31,4.29
21682,มอเตอร์ไซค์,บางกะปิ,2022-10-16,4.8
21683,มอเตอร์ไซค์,ห้วยขวาง,2022-08-20,4.51
21684,มอเตอร์ไซค์,จตุจักร,2023-12-28,4.55
21685,มอเตอร์ไซค์,วัฒนา,2023-12-08,4.83
21686,มอเตอร์ไซค์,บางรัก,2023-01-30,4.24
21687,จักรยาน,ห้วยขวาง,2024-02-22,4.46
21688,มอเตอร์ไซค์,บางนา,2023-04-02,4.75
21689,มอเตอร์ไซค์,จตุจักร,2023-03-08,4.21
21690,มอเตอร์ไซค์,ลาดพร้าว,2023-04-20,4.74
21691,มอเตอร์ไซค์,พญาไท,2023-06-15,4.23
21692,มอเตอร์ไซค์,คลองเตย,2023-07-10,4.62
21693,มอเตอร์ไซค์,ลาดพร้าว,2023-10-13,4.37
21694,มอเตอร์ไซค์,ดินแดง,2024-01-10,4.01
21695,มอเตอร์ไซค์,วัฒนา,2023-10-03,4.99
21696,มอเตอร์ไซค์,บางนา,2023-07-23,4.55
21697,มอเตอร์ไซค์,บางนา,2023-04-19,5.0
21698,มอเตอร์ไซค์,พญาไท,2023-11-13,4.59
21699,มอเตอร์ไซค์,วัฒนา,2023-04-02,3.35
21700,มอเตอร์ไซค์,จตุจักร,2024-06-17,4.19
21701,มอเตอร์ไซค์,บางนา,2022-11-25,3.9
21702,มอเตอร์ไซค์,บางรัก,2023-12-02,4.1
21703,มอเตอร์ไซค์,ดินแดง,2022-08-06,4.28
21704,มอเตอร์ไซค์,วัฒนา,2024-01-11,4.3
21705,มอเตอร์ไซค์,จตุจักร,2023-06-11,4.92
21706,มอเตอร์ไซค์,วัฒนา,2023-04-01,3.6
21707,มอเตอร์ไซค์,ดินแดง,2023-03-09,4.3
21708,จักรยาน,ห้วยขวาง,2023-05-13,4.29
21709,มอเตอร์ไซค์,ห้วยขวาง,2022-07-20,4.66
21710,มอเตอร์ไซค์,ห้วยขวาง,2023-03-08,3.59
21711,มอเตอร์ไซค์,ดินแดง,2023-08-24,4.86
21712,มอเตอร์ไซค์,จตุจักร,2024-07-24,4.08
21713,มอเตอร์ไซค์,พญาไท,2023-12-03,4.14
21714,จักรยาน,ห้วยขวาง,2022-08-31,4.55
21715,มอเตอร์ไซค์,ลาดพร้าว,2024-02-15,4.81
21716,มอเตอร์ไซค์,สวนหลวง,2024-04-30,4.25
21717,มอเตอร์ไซค์,บางกะปิ,2024-06-02,4.41
21718,มอเตอร์ไซค์,บางนา,2023-07-20,4.68
21719,มอเตอร์ไซค์,บางรัก,2024-05-18,5.0
21720,มอเตอร์ไซค์,ห้วยขวาง,2023-11-19,4.83
21721,มอเตอร์ไซค์,ดินแดง,2024-04-05,3.9
21722,มอเตอร์ไซค์,บางนา,2024-01-23,4.48
21723,มอเตอร์ไซค์,บางนา,2023-03-10,3.6
21724,มอเตอร์ไซค์,ห้วยขวาง,2023-05-16,4.08
21725,มอเตอร์ไซค์,บางรัก,2023-10-29,4.03
21726,มอเตอร์ไซค์,ห้วยขวาง,2023-04-12,4.56
21727,มอเตอร์ไซค์,ห้วยขวาง,2022-09-21,4.76
21728,มอเตอร์ไซค์,จตุจักร,2024-01-31,4.38
21729,มอเตอร์ไซค์,บางนา,2023-05-21,4.41
21730,มอเตอร์ไซค์,บางนา,2022-10-06,4.01
21731,มอเตอร์ไซค์,บางนา,2023-04-05,4.49
21732,จักรยาน,ห้วยขวาง,2024-03-01,4.78
21733,มอเตอร์ไซค์,บางนา,2023-05-24,4.4
21734,มอเตอร์ไซค์,ห้วยขวาง,2022-12-17,3.65
21735,จักรยาน,บางนา,2023-11-25,4.89
21736,มอเตอร์ไซค์,คลองเตย,2023-04-16,4.24
21737,มอเตอร์ไซค์,บางนา,2023-05-20,4.5
21738,มอเตอร์ไซค์,ห้วยขวาง,2022-08-13,4.37
21739,รถยนต์,สวนหลวง,2023-05-04,4.41
21740,มอเตอร์ไซค์,จตุจักร,2024-03-19,4.11
21741,รถยนต์,บางนา,2023-03-09,4.54
21742,มอเตอร์ไซค์,ลาดพร้าว,2024-07-02,4.52
21743,มอเตอร์ไซค์,สาทร,2022-09-30,4.44
21744,มอเตอร์ไซค์,สวนหลวง,2023-07-29,4.6
21745,มอเตอร์ไซค์,บางนา,2022-06-13,4.62
21746,มอเตอร์ไซค์,พญาไท,2023-02-27,4.42
21747,มอเตอร์ไซค์,จตุจักร,2023-10-27,3.93
21748,มอเตอร์ไซค์,พญาไท,2023-12-07,4.38
21749,มอเตอร์ไซค์,บางนา,2023-06-25,3.53
21750,มอเตอร์ไซค์,ดินแดง,2022-11-17,5.0
21751,มอเตอร์ไซค์,ลาดพร้าว,2022-10-01,3.39
21752,มอเตอร์ไซค์,ลาดพร้าว,2023-06-30,4.28
21753,มอเตอร์ไซค์,คลองเตย,2022-09-21,4.24
21754,มอเตอร์ไซค์,คลองเตย,2023-06-08,4.38
21755,มอเตอร์ไซค์,ลาดพร้าว,2024-03-12,4.0
21756,จักรยาน,ห้วยขวาง,2022-12-26,4.49
21757,มอเตอร์ไซค์,พญาไท,2023-04-10,4.28
21758,มอเตอร์ไซค์,วัฒนา,2023-07-31,3.58
21759,จักรยาน,ห้วยขวาง,2023-08-24,4.23
21760,มอเตอร์ไซค์,บางนา,2022-08-13,3.98
21761,มอเตอร์ไซค์,จตุจักร,2024-05-14,4.63
21762,มอเตอร์ไซค์,สาทร,2023-02-27,4.06
21763,มอเตอร์ไซค์,ห้วยขวาง,2023-01-12,4.85
21764,มอเตอร์ไซค์,พญาไท,2023-08-06,3.87
21765,จักรยาน,วัฒนา,2024-02-06,3.49
21766,มอเตอร์ไซค์,พญาไท,2022-08-22,4.81
21767,มอเตอร์ไซค์,สวนหลวง,2024-01-12,4.52
21768,จักรยาน,ห้วยขวาง,2023-06-15,4.78
21769,มอเตอร์ไซค์,บางนา,2024-06-22,4.15
21770,มอเตอร์ไซค์,บางรัก,2022-06-04,4.53
21771,มอเตอร์ไซค์,คลองเตย,2023-05-27,4.42
21772,รถยนต์,สาทร,2023-07-27,3.97
21773,มอเตอร์ไซค์,บางนา,2023-09-11,4.12
21774,มอเตอร์ไซค์,จตุจักร,2023-01-01,4.83
21775,มอเตอร์ไซค์,ลาดพร้าว,2023-04-06,4.99
21776,มอเตอร์ไซค์,วัฒนา,2024-04-01,4.23
21777,มอเตอร์ไซค์,บางกะปิ,2024-02-04,4.34
21778,มอเตอร์ไซค์,สาทร,2024-06-06,4.67
21779,มอเตอร์ไซค์,คลองเตย,2023-10-12,3.97
21780,จักรยาน,วัฒนา,2023-12-28,4.28
21781,มอเตอร์ไซค์,บางนา,2023-05-07,3.78
21782,มอเตอร์ไซค์,คลองเตย,2024-07-11,4.62
21783,มอเตอร์ไซค์,สวนหลวง,2024-03-13,4.6
21784,มอเตอร์ไซค์,ห้วยขวาง,2023-04-16,4.64
21785,มอเตอร์ไซค์,จตุจักร,2022-09-06,4.25
21786,มอเตอร์ไซค์,บางรัก,2024-07-13,4.62
21787,มอเตอร์ไซค์,จตุจักร,2023-03-29,4.6
21788,มอเตอร์ไซค์,ดินแดง,2023-07-21,4.35
21789,มอเตอร์ไซค์,ห้วยขวาง,2024-07-10,4.58
21790,มอเตอร์ไซค์,บางรัก,2023-04-10,4.56
21791,มอเตอร์ไซค์,ห้วยขวาง,2022-08-02,4.84
21792,มอเตอร์ไซค์,ดินแดง,2022-07-30,4.25
21793,มอเตอร์ไซค์,ห้วยขวาง,2023-07-30,4.14
21794,จักรยาน,ลาดพร้าว,2024-06-25,4.05
21795,มอเตอร์ไซค์,สวนหลวง,2023-02-07,4.31
21796,มอเตอร์ไซค์,จตุจักร,2023-12-31,4.05
21797,มอเตอร์ไซค์,ลาดพร้าว,2024-01-10,4.08
21798,มอเตอร์ไซค์,ลาดพร้าว,2024-06-05,4.58
21799,มอเตอร์ไซค์,คลองเตย,2023-09-24,4.48
21800,มอเตอร์ไซค์,บางนา,2023-09-27,4.46
21801,มอเตอร์ไซค์,ห้วยขวาง,2023-04-29,5.0
21802,มอเตอร์ไซค์,ลาดพร้าว,2022-10-10,4.3
21803,มอเตอร์ไซค์,ห้วยขวาง,2022-08-30,3.65
21804,มอเตอร์ไซค์,บางนา,2023-03-28,4.96
21805,มอเตอร์ไซค์,ดินแดง,2023-02-07,4.16
21806,จักรยาน,คลองเตย,2022-08-30,4.64
21807,มอเตอร์ไซค์,พญาไท,2024-02-11,4.63
21808,รถยนต์,คลองเตย,2023-08-26,4.72
21809,มอเตอร์ไซค์,ดินแดง,2023-05-08,4.09
21810,มอเตอร์ไซค์,สาทร,2023-11-16,3.94
21811,จักรยาน,บางรัก,2024-06-14,4.09
21812,มอเตอร์ไซค์,ลาดพร้าว,2022-06-27,4.24
21813,จักรยาน,พญาไท,2024-03-09,4.56
21814,มอเตอร์ไซค์,ลาดพร้าว,2024-06-30,5.0
21815,มอเตอร์ไซค์,สวนหลวง,2023-01-02,4.47
21816,จักรยาน,จตุจักร,2023-11-11,3.87
21817,มอเตอร์ไซค์,คลองเตย,2024-03-09,4.66
21818,มอเตอร์ไซค์,จตุจักร,2023-06-17,4.57
21819,มอเตอร์ไซค์,วัฒนา,2023-04-09,3.95
21820,มอเตอร์ไซค์,บางนา,2023-02-01,4.3
21821,มอเตอร์ไซค์,ลาดพร้าว,2024-07-27,4.92
21822,มอเตอร์ไซค์,ลาดพร้าว,2023-06-14,4.01
21823,จักรยาน,จตุจักร,2024-05-20,4.06
21824,มอเตอร์ไซค์,พญาไท,2022-05-30,4.17
21825,มอเตอร์ไซค์,จตุจักร,2023-09-29,4.27
21826,มอเตอร์ไซค์,บางกะปิ,2023-05-10,4.51
21827,จักรยาน,สาทร,2024-01-18,3.79
21828,รถยนต์,วัฒนา,2023-11-12,4.16
21829,มอเตอร์ไซค์,จตุจักร,2024-03-27,4.29
21830,มอเตอร์ไซค์,บางนา,2024-03-02,3.69
21831,มอเตอร์ไซค์,บางกะปิ,2023-05-23,3.54
21832,มอเตอร์ไซค์,พญาไท,2022-07-15,4.7
21833,มอเตอร์ไซค์,บางนา,2023-05-17,4.21
21834,มอเตอร์ไซค์,สวนหลวง,2023-03-08,4.21
21835,มอเตอร์ไซค์,ลาดพร้าว,2023-01-29,4.82
21836,มอเตอร์ไซค์,ดินแดง,2022-08-22,4.41
21837,มอเตอร์ไซค์,ห้วยขวาง,2022-07-11,3.67
21838,มอเตอร์ไซค์,บางกะปิ,2023-11-21,4.18
21839,มอเตอร์ไซค์,สาทร,2023-10-15,4.63
21840,มอเตอร์ไซค์,สวนหลวง,2023-03-22,4.64
21841,มอเตอร์ไซค์,วัฒนา,2023-05-24,3.69
21842,มอเตอร์ไซค์,ลาดพร้าว,2023-05-03,4.69
21843,มอเตอร์ไซค์,ลาดพร้าว,2022-05-29,3.87
21844,รถยนต์,บางรัก,2024-02-17,4.49
21845,มอเตอร์ไซค์,ห้วยขวาง,2022-09-09,4.64
21846,มอเตอร์ไซค์,บางรัก,2023-03-25,3.81
21847,มอเตอร์ไซค์,ลาดพร้าว,2022-09-04,4.14
21848,มอเตอร์ไซค์,ดินแดง,2024-03-24,4.13
21849,มอเตอร์ไซค์,บางนา,2024-07-10,4.74
21850,มอเตอร์ไซค์,บางนา,2024-05-15,3.94
21851,มอเตอร์ไซค์,วัฒนา,2023-11-10,4.49
21852,มอเตอร์ไซค์,ห้วยขวาง,2024-07-06,4.25
21853,มอเตอร์ไซค์,ห้วยขวาง,2022-05-30,4.56
21854,มอเตอร์ไซค์,วัฒนา,2024-07-18,4.46
21855,มอเตอร์ไซค์,ห้วยขวาง,2023-09-23,4.26
21856,มอเตอร์ไซค์,บางนา,2022-08-27,4.78
21857,มอเตอร์ไซค์,ห้วยขวาง,2023-03-19,4.74
21858,มอเตอร์ไซค์,ลาดพร้าว,2023-11-20,3.49
21859,มอเตอร์ไซค์,คลองเตย,2022-12-06,4.6
21860,จักรยาน,ห้วยขวาง,2022-11-10,3.88
21861,มอเตอร์ไซค์,บางนา,2022-07-17,4.31
21862,มอเตอร์ไซค์,วัฒนา,2023-01-13,4.54
21863,มอเตอร์ไซค์,สาทร,2024-05-29,4.22
21864,มอเตอร์ไซค์,ดินแดง,2022-12-08,4.03
21865,มอเตอร์ไซค์,ลาดพร้าว,2022-07-14,4.28
21866,มอเตอร์ไซค์,ลาดพร้าว,2022-09-27,4.01
21867,มอเตอร์ไซค์,ดินแดง,2023-04-15,4.2
21868,มอเตอร์ไซค์,คลองเตย,2023-08-22,4.1
21869,มอเตอร์ไซค์,สวนหลวง,2023-02-10,4.39
21870,มอเตอร์ไซค์,บางกะปิ,2023-07-31,4.19
21871,มอเตอร์ไซค์,สาทร,2023-05-04,4.52
21872,มอเตอร์ไซค์,จตุจักร,2024-01-26,4.18
21873,มอเตอร์ไซค์,บางกะปิ,2024-02-15,4.75
21874,มอเตอร์ไซค์,วัฒนา,2023-07-12,4.33
21875,มอเตอร์ไซค์,ห้วยขวาง,2024-06-07,4.67
21876,มอเตอร์ไซค์,ลาดพร้าว,2023-06-18,4.89
21877,มอเตอร์ไซค์,ห้วยขวาง,2023-07-01,3.9
21878,มอเตอร์ไซค์,สวนหลวง,2022-12-06,4.15
21879,จักรยาน,จตุจักร,2023-06-27,3.36
21880,มอเตอร์ไซค์,บางกะปิ,2023-04-24,4.17
21881,จักรยาน,บางนา,2022-12-20,4.29
21882,จักรยาน,ห้วยขวาง,2023-09-10,4.94
21883,มอเตอร์ไซค์,ดินแดง,2023-10-17,4.26
21884,มอเตอร์ไซค์,ดินแดง,2024-03-24,4.18
21885,จักรยาน,สาทร,2023-09-18,4.78
21886,จักรยาน,ห้วยขวาง,2022-07-24,3.62
21887,มอเตอร์ไซค์,พญาไท,2023-08-11,3.7
21888,มอเตอร์ไซค์,บางรัก,2023-08-04,4.33
21889,มอเตอร์ไซค์,พญาไท,2023-11-19,4.3
21890,มอเตอร์ไซค์,วัฒนา,2024-06-26,3.99
21891,จักรยาน,วัฒนา,2024-01-15,4.91
21892,มอเตอร์ไซค์,บางรัก,2024-02-08,4.31
21893,มอเตอร์ไซค์,บางกะปิ,2023-12-29,4.73
21894,มอเตอร์ไซค์,บางนา,2023-11-13,4.17
21895,มอเตอร์ไซค์,คลองเตย,2023-01-26,4.98
21896,มอเตอร์ไซค์,ห้วยขวาง,2022-09-08,4.58
21897,มอเตอร์ไซค์,ลาดพร้าว,2023-09-22,4.29
21898,มอเตอร์ไซค์,บางรัก,2023-08-16,4.24
21899,มอเตอร์ไซค์,สวนหลวง,2023-05-25,4.27
21900,มอเตอร์ไซค์,จตุจักร,2023-07-20,4.29
21901,มอเตอร์ไซค์,บางกะปิ,2023-06-20,4.09
21902,มอเตอร์ไซค์,วัฒนา,2023-02-23,4.12
21903,มอเตอร์ไซค์,บางนา,2023-01-06,4.0
21904,มอเตอร์ไซค์,ดินแดง,2023-07-29,4.49
21905,มอเตอร์ไซค์,บางนา,2024-01-04,4.26
21906,มอเตอร์ไซค์,พญาไท,2022-10-07,4.6
21907,มอเตอร์ไซค์,บางนา,2022-07-11,3.82
21908,มอเตอร์ไซค์,ห้วยขวาง,2022-11-12,4.63
21909,มอเตอร์ไซค์,บางรัก,2023-01-28,4.14
21910,มอเตอร์ไซค์,คลองเตย,2024-01-13,3.98
21911,มอเตอร์ไซค์,ห้วยขวาง,2024-03-04,3.84
21912,มอเตอร์ไซค์,คลองเตย,2023-03-16,5.0
21913,มอเตอร์ไซค์,บางรัก,2022-12-31,3.67
21914,มอเตอร์ไซค์,พญาไท,2022-12-06,3.84
21915,มอเตอร์ไซค์,พญาไท,2023-10-21,4.05
21916,มอเตอร์ไซค์,ห้วยขวาง,2024-06-30,4.15
21917,มอเตอร์ไซค์,วัฒนา,2022-12-28,4.38
21918,มอเตอร์ไซค์,สาทร,2023-06-16,3.84
21919,มอเตอร์ไซค์,บางรัก,2022-09-16,4.07
21920,มอเตอร์ไซค์,จตุจักร,2023-06-30,4.9
21921,มอเตอร์ไซค์,ลาดพร้าว,2024-03-14,4.23
21922,มอเตอร์ไซค์,จตุจักร,2024-01-15,4.96
21923,มอเตอร์ไซค์,วัฒนา,2023-09-05,4.4
21924,มอเตอร์ไซค์,ห้วยขวาง,2023-05-09,4.0
21925,มอเตอร์ไซค์,จตุจักร,2022-09-30,4.04
21926,มอเตอร์ไซค์,สาทร,2023-09-30,4.58
21927,มอเตอร์ไซค์,พญาไท,2024-07-09,5.0
21928,มอเตอร์ไซค์,สาทร,2024-03-18,3.97
21929,มอเตอร์ไซค์,บางรัก,2022-11-06,3.96
21930,มอเตอร์ไซค์,ห้วยขวาง,2023-04-27,4.29
21931,จักรยาน,คลองเตย,2022-11-26,4.14
21932,มอเตอร์ไซค์,ดินแดง,2023-04-07,3.89
21933,มอเตอร์ไซค์,วัฒนา,2022-12-23,4.45
21934,มอเตอร์ไซค์,จตุจักร,2022-10-27,4.06
21935,รถยนต์,สาทร,2024-07-23,3.91
21936,มอเตอร์ไซค์,บางกะปิ,2022-05-28,4.58
21937,มอเตอร์ไซค์,พญาไท,2023-08-01,3.61
21938,มอเตอร์ไซค์,บางนา,2023-01-23,4.0
21939,มอเตอร์ไซค์,จตุจักร,2024-02-18,3.88
21940,มอเตอร์ไซค์,ลาดพร้าว,2022-07-15,3.53
21941,มอเตอร์ไซค์,พญาไท,2022-07-03,4.07
21942,มอเตอร์ไซค์,สวนหลวง,2023-02-13,5.0
21943,รถยนต์,บางกะปิ,2022-06-06,4.23
21944,มอเตอร์ไซค์,วัฒนา,2022-10-21,4.23
21945,มอเตอร์ไซค์,จตุจักร,2022-12-26,3.83
21946,มอเตอร์ไซค์,สาทร,2023-07-18,4.56
21947,มอเตอร์ไซค์,ลาดพร้าว,2024-03-16,4.3
21948,มอเตอร์ไซค์,บางรัก,2023-07-26,3.9
21949,มอเตอร์ไซค์,ลาดพร้าว,2022-06-08,3.95
21950,มอเตอร์ไซค์,ห้วยขวาง,2024-02-23,4.16
21951,มอเตอร์ไซค์,จตุจักร,2023-02-18,4.07
21952,มอเตอร์ไซค์,วัฒนา,2023-12-08,4.42
21953,มอเตอร์ไซค์,บางนา,2024-04-07,4.58
21954,จักรยาน,สวนหลวง,2024-04-11,4.39
21955,มอเตอร์ไซค์,ดินแดง,2022-11-28,4.43
21956,มอเตอร์ไซค์,บางกะปิ,2023-04-19,4.43
21957,มอเตอร์ไซค์,บางนา,2024-07-09,4.5
21958,มอเตอร์ไซค์,วัฒนา,2023-11-11,4.96
21959,มอเตอร์ไซค์,วัฒนา,2024-02-19,4.42
21960,มอเตอร์ไซค์,บางนา,2023-11-30,4.16
21961,มอเตอร์ไซค์,ลาดพร้าว,2022-11-21,4.53
21962,จักรยาน,คลองเตย,2022-09-07,3.8
21963,มอเตอร์ไซค์,ลาดพร้าว,2022-06-27,4.25
21964,มอเตอร์ไซค์,บางรัก,2022-12-08,4.44
21965,มอเตอร์ไซค์,สาทร,2022-12-11,3.96
21966,มอเตอร์ไซค์,ห้วยขวาง,2022-08-10,3.76
21967,มอเตอร์ไซค์,ห้วยขวาง,2024-06-20,4.06
21968,มอเตอร์ไซค์,สาทร,2022-07-09,4.14
21969,จักรยาน,วัฒนา,2023-06-20,4.53
21970,มอเตอร์ไซค์,จตุจักร,2023-11-02,5.0
21971,มอเตอร์ไซค์,ดินแดง,2022-11-13,4.34
21972,มอเตอร์ไซค์,พญาไท,2023-04-25,3.7
21973,มอเตอร์ไซค์,วัฒนา,2024-03-08,4.47
21974,มอเตอร์ไซค์,ห้วยขวาง,2022-05-25,3.78
21975,มอเตอร์ไซค์,พญาไท,2022-10-30,4.54
21976,มอเตอร์ไซค์,พญาไท,2023-01-16,3.73
21977,มอเตอร์ไซค์,ลาดพร้าว,2024-01-23,4.72
21978,มอเตอร์ไซค์,จตุจักร,2022-12-09,4.83
21979,มอเตอร์ไซค์,สาทร,2023-12-16,4.63
21980,มอเตอร์ไซค์,ห้วยขวาง,2022-10-08,4.52
21981,มอเตอร์ไซค์,สวนหลวง,2023-05-15,5.0
21982,มอเตอร์ไซค์,จตุจักร,2023-01-08,4.89
21983,มอเตอร์ไซค์,ห้วยขวาง,2023-03-17,4.54
21984,มอเตอร์ไซค์,สวนหลวง,2023-01-30,4.55
21985,มอเตอร์ไซค์,ลาดพร้าว,2022-08-02,4.05
21986,มอเตอร์ไซค์,พญาไท,2023-05-14,5.0
21987,มอเตอร์ไซค์,สาทร,2022-06-27,3.96
21988,มอเตอร์ไซค์,พญาไท,2024-03-15,3.83
21989,มอเตอร์ไซค์,พญาไท,2022-07-25,4.7
21990,มอเตอร์ไซค์,วัฒนา,2024-02-04,4.33
21991,รถยนต์,สาทร,2022-11-12,4.64
21992,มอเตอร์ไซค์,สาทร,2023-10-13,4.56
21993,มอเตอร์ไซค์,บางนา,2023-12-07,4.28
21994,มอเตอร์ไซค์,สาทร,2024-01-05,4.83
21995,จักรยาน,ลาดพร้าว,2023-01-22,3.81
21996,มอเตอร์ไซค์,ห้วยขวาง,2022-07-08,3.81
21997,มอเตอร์ไซค์,บางกะปิ,2022-10-20,3.76
21998,มอเตอร์ไซค์,คลองเตย,2023-08-07,3.72
21999,มอเตอร์ไซค์,บางรัก,2023-09-25,4.17
22000,มอเตอร์ไซค์,ลาดพร้าว,2023-05-11,3.71
22001,จักรยาน,สาทร,2023-01-19,4.93
22002,มอเตอร์ไซค์,สวนหลวง,2024-05-16,4.93
22003,มอเตอร์ไซค์,ลาดพร้าว,2022-07-17,4.74
22004,มอเตอร์ไซค์,จตุจักร,2023-04-19,4.42
22005,มอเตอร์ไซค์,บางนา,2022-09-07,4.47
22006,มอเตอร์ไซค์,ลาดพร้าว,2023-07-02,4.31
22007,มอเตอร์ไซค์,พญาไท,2023-05-25,3.52
22008,มอเตอร์ไซค์,วัฒนา,2022-07-22,4.39
22009,มอเตอร์ไซค์,บางนา,2024-04-06,3.73
22010,มอเตอร์ไซค์,สาทร,2023-04-04,4.63
22011,มอเตอร์ไซค์,บางนา,2022-08-26,4.35
22012,มอเตอร์ไซค์,บางนา,2024-03-24,4.31
22013,มอเตอร์ไซค์,บางกะปิ,2022-09-02,4.69
22014,มอเตอร์ไซค์,สาทร,2023-11-28,3.94
22015,จักรยาน,ลาดพร้าว,2023-10-16,5.0
22016,มอเตอร์ไซค์,วัฒนา,2024-03-27,4.25
22017,มอเตอร์ไซค์,สวนหลวง,2024-03-07,4.38
22018,มอเตอร์ไซค์,สวนหลวง,2023-09-17,3.86
22019,มอเตอร์ไซค์,บางกะปิ,2022-12-05,3.83
22020,รถยนต์,ดินแดง,2023-05-01,3.93
22021,มอเตอร์ไซค์,จตุจักร,2022-09-14,4.67
22022,มอเตอร์ไซค์,สวนหลวง,2023-10-09,5.0
22023,มอเตอร์ไซค์,คลองเตย,2024-07-18,4.52
22024,มอเตอร์ไซค์,บางกะปิ,2024-06-03,4.04
22025,มอเตอร์ไซค์,สาทร,2022-08-01,4.67
22026,มอเตอร์ไซค์,สวนหลวง,2023-11-29,4.61
22027,มอเตอร์ไซค์,สวนหลวง,2023-04-23,3.6
22028,มอเตอร์ไซค์,วัฒนา,2022-11-16,4.85
22029,มอเตอร์ไซค์,บางนา,2024-06-13,4.36
22030,มอเตอร์ไซค์,จตุจักร,2024-01-10,4.73
22031,จักรยาน,บางนา,2023-04-24,3.94
22032,มอเตอร์ไซค์,บางนา,2023-10-13,3.47
22033,มอเตอร์ไซค์,จตุจักร,2023-12-06,5.0
22034,มอเตอร์ไซค์,บางนา,2024-02-03,4.6
22035,มอเตอร์ไซค์,ห้วยขวาง,2022-09-06,3.58
22036,รถยนต์,บางรัก,2023-08-19,4.43
22037,มอเตอร์ไซค์,ห้วยขวาง,2022-09-03,5.0
22038,มอเตอร์ไซค์,สาทร,2022-11-23,4.32
22039,มอเตอร์ไซค์,ห้วยขวาง,2024-01-02,3.94
22040,มอเตอร์ไซค์,ห้วยขวาง,2023-12-10,4.05
22041,มอเตอร์ไซค์,คลองเตย,2023-11-12,4.92
22042,จักรยาน,คลองเตย,2022-12-23,4.33
22043,มอเตอร์ไซค์,สาทร,2023-12-02,4.2
22044,มอเตอร์ไซค์,สาทร,2022-10-31,4.77
22045,มอเตอร์ไซค์,ลาดพร้าว,2024-06-07,4.99
22046,มอเตอร์ไซค์,สวนหลวง,2023-02-12,4.66
22047,มอเตอร์ไซค์,บางนา,2024-02-07,3.65
22048,มอเตอร์ไซค์,คลองเตย,2022-08-25,4.22
22049,มอเตอร์ไซค์,สาทร,2022-12-24,4.64
22050,มอเตอร์ไซค์,ลาดพร้าว,2022-10-30,3.85
22051,มอเตอร์ไซค์,บางนา,2023-09-13,4.09
22052,มอเตอร์ไซค์,คลองเตย,2023-03-20,4.02
22053,มอเตอร์ไซค์,ลาดพร้าว,2024-07-04,4.66
22054,มอเตอร์ไซค์,จตุจักร,2022-06-07,4.7
22055,รถยนต์,จตุจักร,2023-11-26,4.26
22056,มอเตอร์ไซค์,วัฒนา,2023-11-06,5.0
22057,มอเตอร์ไซค์,ห้วยขวาง,2023-12-08,4.45
22058,มอเตอร์ไซค์,สาทร,2023-02-25,4.08
22059,มอเตอร์ไซค์,ห้วยขวาง,2024-06-19,3.94
22060,มอเตอร์ไซค์,บางกะปิ,2023-06-19,4.66
22061,มอเตอร์ไซค์,จตุจักร,2024-02-16,4.17
22062,มอเตอร์ไซค์,วัฒนา,2023-02-01,4.46
22063,มอเตอร์ไซค์,สาทร,2023-07-28,4.48
22064,มอเตอร์ไซค์,ห้วยขวาง,2023-10-31,4.63
22065,มอเตอร์ไซค์,บางนา,2023-02-10,4.74
22066,มอเตอร์ไซค์,บางรัก,2024-05-15,4.25
22067,รถยนต์,บางกะปิ,2024-06-07,3.72
22068,มอเตอร์ไซค์,ลาดพร้าว,2023-09-02,4.6
22069,มอเตอร์ไซค์,พญาไท,2024-07-07,4.74
22070,มอเตอร์ไซค์,จตุจักร,2023-05-27,4.17
22071,มอเตอร์ไซค์,ดินแดง,2022-09-28,4.47
22072,มอเตอร์ไซค์,คลองเตย,2023-12-11,4.53
22073,มอเตอร์ไซค์,ลาดพร้าว,2023-05-30,4.7
22074,มอเตอร์ไซค์,คลองเตย,2023-08-08,4.58
22075,จักรยาน,บางนา,2024-02-04,4.99
22076,มอเตอร์ไซค์,วัฒนา,2024-05-21,3.98
22077,มอเตอร์ไซค์,วัฒนา,2024-02-14,3.85
22078,มอเตอร์ไซค์,สวนหลวง,2023-03-03,4.24
22079,มอเตอร์ไซค์,พญาไท,2023-11-23,4.72
22080,มอเตอร์ไซค์,บางนา,2023-12-31,4.39
22081,มอเตอร์ไซค์,บางรัก,2022-11-18,4.26
22082,มอเตอร์ไซค์,ห้วยขวาง,2022-12-13,4.2
22083,มอเตอร์ไซค์,จตุจักร,2023-12-21,4.95
22084,จักรยาน,บางนา,2023-01-13,4.89
22085,มอเตอร์ไซค์,ห้วยขวาง,2022-12-21,4.07
22086,มอเตอร์ไซค์,บางกะปิ,2022-06-15,3.66
22087,มอเตอร์ไซค์,บางรัก,2023-11-04,4.0
22088,มอเตอร์ไซค์,บางนา,2022-07-08,4.68
22089,มอเตอร์ไซค์,ห้วยขวาง,2023-10-06,4.19
22090,มอเตอร์ไซค์,สวนหลวง,2023-12-02,4.95
22091,มอเตอร์ไซค์,บางนา,2023-03-23,4.22
22092,มอเตอร์ไซค์,ดินแดง,2022-10-01,4.71
22093,มอเตอร์ไซค์,สวนหลวง,2023-07-12,4.55
22094,มอเตอร์ไซค์,บางกะปิ,2022-09-10,4.65
22095,รถยนต์,พญาไท,2022-11-16,3.65
22096,มอเตอร์ไซค์,ลาดพร้าว,2022-09-21,4.38
22097,มอเตอร์ไซค์,บางนา,2022-10-02,4.84
22098,มอเตอร์ไซค์,สวนหลวง,2023-06-08,4.31
22099,มอเตอร์ไซค์,บางกะปิ,2024-01-12,4.72
22100,มอเตอร์ไซค์,จตุจักร,2022-08-08,4.21
22101,มอเตอร์ไซค์,บางกะปิ,2023-04-16,4.66
22102,มอเตอร์ไซค์,วัฒนา,2023-04-23,3.81
22103,มอเตอร์ไซค์,วัฒนา,2023-02-05,5.0
22104,มอเตอร์ไซค์,จตุจักร,2024-03-14,4.25
22105,มอเตอร์ไซค์,ดินแดง,2022-07-07,4.65
22106,มอเตอร์ไซค์,สาทร,2022-12-08,4.11
22107,มอเตอร์ไซค์,วัฒนา,2024-04-14,4.13
22108,มอเตอร์ไซค์,จตุจักร,2022-08-20,4.31
22109,รถยนต์,จตุจักร,2022-10-05,4.78
22110,มอเตอร์ไซค์,สวนหลวง,2024-03-20,4.48
22111,มอเตอร์ไซค์,คลองเตย,2022-06-04,4.61
22112,มอเตอร์ไซค์,บางรัก,2023-09-25,3.99
22113,มอเตอร์ไซค์,บางนา,2023-09-22,4.43
22114,มอเตอร์ไซค์,บางนา,2023-08-11,4.17
22115,มอเตอร์ไซค์,สวนหลวง,2022-11-14,4.3
22116,มอเตอร์ไซค์,คลองเตย,2023-10-19,4.42
22117,มอเตอร์ไซค์,จตุจักร,2024-04-10,4.1
22118,มอเตอร์ไซค์,ห้วยขวาง,2022-12-28,4.34
22119,มอเตอร์ไซค์,ห้วยขวาง,2022-05-30,3.85
22120,มอเตอร์ไซค์,บางนา,2023-04-09,4.65
22121,มอเตอร์ไซค์,วัฒนา,2023-08-01,4.08
22122,มอเตอร์ไซค์,ห้วยขวาง,2024-04-13,4.59
22123,มอเตอร์ไซค์,ลาดพร้าว,2022-07-23,4.55
22124,มอเตอร์ไซค์,วัฒนา,2023-02-23,4.35
22125,มอเตอร์ไซค์,ดินแดง,2024-02-18,3.71
22126,มอเตอร์ไซค์,พญาไท,2022-08-04,4.53
22127,มอเตอร์ไซค์,จตุจักร,2023-02-08,4.07
22128,มอเตอร์ไซค์,บางรัก,2023-11-01,4.47
22129,มอเตอร์ไซค์,บางนา,2023-12-01,4.7
22130,มอเตอร์ไซค์,ลาดพร้าว,2024-03-02,5.0
22131,มอเตอร์ไซค์,วัฒนา,2024-06-17,3.66
22132,มอเตอร์ไซค์,จตุจักร,2023-04-09,5.0
22133,มอเตอร์ไซค์,จตุจักร,2022-09-15,3.8
22134,มอเตอร์ไซค์,วัฒนา,2023-06-03,3.63
22135,มอเตอร์ไซค์,บางนา,2024-03-28,4.31
22136,มอเตอร์ไซค์,ห้วยขวาง,2023-08-16,4.3
22137,จักรยาน,คลองเตย,2023-03-02,4.41
22138,มอเตอร์ไซค์,สวนหลวง,2023-08-07,4.37
22139,จักรยาน,ดินแดง,2023-01-31,4.53
22140,มอเตอร์ไซค์,พญาไท,2023-12-21,4.62
22141,มอเตอร์ไซค์,สาทร,2022-10-21,3.11
22142,มอเตอร์ไซค์,พญาไท,2023-03-28,3.98
22143,มอเตอร์ไซค์,วัฒนา,2022-11-21,3.92
22144,มอเตอร์ไซค์,คลองเตย,2024-07-11,4.43
22145,มอเตอร์ไซค์,ห้วยขวาง,2024-02-19,4.02
22146,รถยนต์,จตุจักร,2023-06-24,4.69
22147,มอเตอร์ไซค์,ห้วยขวาง,2023-07-07,4.23
22148,มอเตอร์ไซค์,พญาไท,2023-02-16,4.42
22149,มอเตอร์ไซค์,บางนา,2023-07-02,4.89
22150,จักรยาน,ลาดพร้าว,2023-02-23,4.48
22151,มอเตอร์ไซค์,วัฒนา,2024-05-11,3.96
22152,มอเตอร์ไซค์,สาทร,2023-07-21,3.88
22153,มอเตอร์ไซค์,จตุจักร,2022-12-15,4.07
22154,มอเตอร์ไซค์,บางรัก,2024-04-25,4.25
22155,มอเตอร์ไซค์,สวนหลวง,2022-12-11,5.0
22156,มอเตอร์ไซค์,คลองเตย,2022-10-29,3.85
22157,มอเตอร์ไซค์,จตุจักร,2024-04-25,4.55
22158,มอเตอร์ไซค์,พญาไท,2024-07-08,4.55
22159,มอเตอร์ไซค์,พญาไท,2023-10-09,4.84
22160,มอเตอร์ไซค์,บางกะปิ,2023-02-09,4.99
22161,จักรยาน,บางนา,2023-10-07,4.09
22162,มอเตอร์ไซค์,วัฒนา,2023-07-10,4.91
22163,มอเตอร์ไซค์,บางรัก,2022-09-25,3.74
22164,มอเตอร์ไซค์,บางกะปิ,2022-11-06,3.6
22165,มอเตอร์ไซค์,ลาดพร้าว,2023-09-23,4.37
22166,จักรยาน,สวนหลวง,2024-07-01,4.36
22167,มอเตอร์ไซค์,บางนา,2022-08-23,4.09
22168,มอเตอร์ไซค์,พญาไท,2022-11-29,4.37
22169,มอเตอร์ไซค์,ลาดพร้าว,2024-07-19,4.12
22170,มอเตอร์ไซค์,บางรัก,2023-10-11,3.55
22171,มอเตอร์ไซค์,บางนา,2023-05-09,4.25
22172,มอเตอร์ไซค์,ลาดพร้าว,2023-09-25,3.68
22173,มอเตอร์ไซค์,วัฒนา,2024-03-03,4.2
22174,มอเตอร์ไซค์,พญาไท,2024-04-25,4.08
22175,มอเตอร์ไซค์,ลาดพร้าว,2022-07-28,3.46
22176,มอเตอร์ไซค์,วัฒนา,2024-02-11,4.28
22177,มอเตอร์ไซค์,บางกะปิ,2023-12-13,4.45
22178,มอเตอร์ไซค์,สาทร,2023-03-11,4.47
22179,มอเตอร์ไซค์,ลาดพร้าว,2024-01-25,4.36
22180,มอเตอร์ไซค์,ห้วยขวาง,2024-05-20,4.6
22181,มอเตอร์ไซค์,พญาไท,2022-10-13,4.58
22182,มอเตอร์ไซค์,ดินแดง,2022-08-17,4.61
22183,มอเตอร์ไซค์,ลาดพร้าว,2022-12-18,4.23
22184,มอเตอร์ไซค์,บางกะปิ,2024-07-27,4.03
22185,มอเตอร์ไซค์,ลาดพร้าว,2023-06-10,3.97
22186,จักรยาน,วัฒนา,2022-06-04,4.25
22187,มอเตอร์ไซค์,สวนหลวง,2023-11-29,4.32
22188,มอเตอร์ไซค์,สาทร,2024-04-08,4.12
22189,มอเตอร์ไซค์,ห้วยขวาง,2023-04-19,4.27
22190,มอเตอร์ไซค์,สาทร,2023-12-20,5.0
22191,มอเตอร์ไซค์,ลาดพร้าว,2022-12-09,4.11
22192,มอเตอร์ไซค์,บางนา,2024-04-30,4.49
22193,มอเตอร์ไซค์,คลองเตย,2023-12-11,5.0
22194,มอเตอร์ไซค์,จตุจักร,2023-01-12,4.4
22195,มอเตอร์ไซค์,พญาไท,2022-10-03,4.33
22196,มอเตอร์ไซค์,วัฒนา,2022-11-16,3.42
22197,มอเตอร์ไซค์,ลาดพร้าว,2024-04-20,4.11
22198,มอเตอร์ไซค์,ห้วยขวาง,2023-12-27,4.07
22199,จักรยาน,วัฒนา,2024-03-08,4.21
22200,รถยนต์,สวนหลวง,2024-04-12,4.67
22201,มอเตอร์ไซค์,พญาไท,2023-09-14,3.92
22202,มอเตอร์ไซค์,คลองเตย,2023-08-04,4.37
22203,มอเตอร์ไซค์,ดินแดง,2023-11-07,4.31
22204,มอเตอร์ไซค์,ห้วยขวาง,2022-11-03,4.0
22205,จักรยาน,จตุจักร,2024-03-09,4.38
22206,มอเตอร์ไซค์,บางนา,2023-05-28,4.51
22207,มอเตอร์ไซค์,คลองเตย,2024-01-06,4.62
22208,มอเตอร์ไซค์,บางกะปิ,2023-01-13,4.7
22209,มอเตอร์ไซค์,ห้วยขวาง,2023-07-28,4.72
22210,มอเตอร์ไซค์,บางกะปิ,2023-05-23,4.03
22211,มอเตอร์ไซค์,ลาดพร้าว,2024-02-14,5.0
22212,มอเตอร์ไซค์,คลองเตย,2024-03-23,4.55
22213,มอเตอร์ไซค์,สาทร,2023-11-04,3.42
22214,มอเตอร์ไซค์,ลาดพร้าว,2023-10-13,4.51
22215,มอเตอร์ไซค์,บางนา,2022-12-17,4.66
22216,มอเตอร์ไซค์,จตุจักร,2024-03-07,4.46
22217,มอเตอร์ไซค์,ห้วยขวาง,2024-05-26,4.67
22218,มอเตอร์ไซค์,บางนา,2023-09-09,3.84
22219,มอเตอร์ไซค์,สาทร,2022-09-27,4.32
22220,มอเตอร์ไซค์,วัฒนา,2022-09-03,4.35
22221,มอเตอร์ไซค์,บางกะปิ,2023-01-08,5.0
22222,มอเตอร์ไซค์,ห้วยขวาง,2022-07-13,4.81
22223,มอเตอร์ไซค์,สาทร,2024-03-31,4.48
22224,มอเตอร์ไซค์,ลาดพร้าว,2023-03-07,3.25
22225,มอเตอร์ไซค์,สาทร,2023-03-28,4.62
22226,มอเตอร์ไซค์,บางกะปิ,2023-09-07,4.49
22227,มอเตอร์ไซค์,สวนหลวง,2023-09-01,4.29
22228,มอเตอร์ไซค์,สาทร,2024-03-30,4.56
22229,มอเตอร์ไซค์,สาทร,2023-06-15,4.98
22230,มอเตอร์ไซค์,บางนา,2022-10-17,4.06
22231,มอเตอร์ไซค์,ห้วยขวาง,2023-03-04,4.41
22232,มอเตอร์ไซค์,บางรัก,2023-06-18,3.74
22233,มอเตอร์ไซค์,สาทร,2023-06-17,4.39
22234,มอเตอร์ไซค์,บางนา,2023-03-03,4.19
22235,มอเตอร์ไซค์,ลาดพร้าว,2023-09-13,4.31
22236,มอเตอร์ไซค์,คลองเตย,2022-11-20,4.08
22237,มอเตอร์ไซค์,บางนา,2023-12-27,4.53
22238,มอเตอร์ไซค์,จตุจักร,2022-11-14,3.43
22239,มอเตอร์ไซค์,บางรัก,2023-06-16,3.88
22240,มอเตอร์ไซค์,ลาดพร้าว,2022-12-20,4.18
22241,มอเตอร์ไซค์,ดินแดง,2023-10-21,4.26
22242,มอเตอร์ไซค์,สาทร,2023-08-02,4.95
22243,มอเตอร์ไซค์,บางนา,2024-07-01,4.36
22244,รถยนต์,บางกะปิ,2023-01-02,4.17
22245,จักรยาน,สาทร,2023-04-01,4.04
22246,มอเตอร์ไซค์,คลองเตย,2023-04-09,4.83
22247,มอเตอร์ไซค์,สวนหลวง,2023-12-22,3.47
22248,จักรยาน,วัฒนา,2022-07-17,5.0
22249,มอเตอร์ไซค์,ลาดพร้าว,2023-08-21,4.74
22250,มอเตอร์ไซค์,วัฒนา,2023-02-16,4.49
22251,มอเตอร์ไซค์,ห้วยขวาง,2022-07-13,4.06
22252,จักรยาน,วัฒนา,2022-05-26,4.83
22253,มอเตอร์ไซค์,บางนา,2023-11-15,4.02
22254,มอเตอร์ไซค์,บางรัก,2023-05-11,4.23
22255,จักรยาน,คลองเตย,2023-05-19,4.02
22256,รถยนต์,วัฒนา,2022-06-01,4.43
22257,มอเตอร์ไซค์,ดินแดง,2024-06-09,3.85
22258,จักรยาน,บางรัก,2023-02-18,4.57
22259,มอเตอร์ไซค์,ลาดพร้าว,2023-12-23,3.65
22260,จักรยาน,บางนา,2022-12-05,4.61
22261,มอเตอร์ไซค์,จตุจักร,2022-08-25,3.62
22262,มอเตอร์ไซค์,สาทร,2023-11-15,4.19
22263,มอเตอร์ไซค์,วัฒนา,2023-05-03,4.14
22264,จักรยาน,ดินแดง,2022-08-31,4.26
22265,มอเตอร์ไซค์,สาทร,2022-12-11,4.89
22266,มอเตอร์ไซค์,สวนหลวง,2023-06-13,4.26
22267,มอเตอร์ไซค์,บางรัก,2024-06-26,5.0
22268,มอเตอร์ไซค์,จตุจักร,2023-03-09,4.65
22269,มอเตอร์ไซค์,วัฒนา,2024-05-21,3.81
22270,มอเตอร์ไซค์,ลาดพร้าว,2024-01-13,3.97
22271,มอเตอร์ไซค์,ดินแดง,2023-10-22,4.93
22272,มอเตอร์ไซค์,จตุจักร,2024-05-15,5.0
22273,มอเตอร์ไซค์,บางกะปิ,2022-12-31,4.97
22274,มอเตอร์ไซค์,บางนา,2022-08-10,4.2
22275,มอเตอร์ไซค์,ห้วยขวาง,2024-07-15,3.58
22276,มอเตอร์ไซค์,ลาดพร้าว,2023-06-09,3.83
22277,มอเตอร์ไซค์,คลองเตย,2023-01-08,3.98
22278,มอเตอร์ไซค์,บางรัก,2024-04-17,4.58
22279,มอเตอร์ไซค์,ลาดพร้าว,2023-06-11,4.37
22280,มอเตอร์ไซค์,พญาไท,2023-06-16,4.12
22281,จักรยาน,คลองเตย,2022-08-30,4.33
22282,มอเตอร์ไซค์,ดินแดง,2024-04-16,4.09
22283,จักรยาน,คลองเตย,2024-01-23,4.44
22284,จักรยาน,จตุจักร,2023-01-26,5.0
22285,มอเตอร์ไซค์,บางรัก,2023-02-27,4.5
22286,มอเตอร์ไซค์,วัฒนา,2023-06-07,4.58
22287,มอเตอร์ไซค์,คลองเตย,2024-01-07,4.19
22288,มอเตอร์ไซค์,สวนหลวง,2023-04-12,4.27
22289,มอเตอร์ไซค์,วัฒนา,2022-05-26,3.97
22290,มอเตอร์ไซค์,บางนา,2022-09-17,4.45
22291,มอเตอร์ไซค์,ห้วยขวาง,2024-03-31,4.34
22292,มอเตอร์ไซค์,พญาไท,2023-08-24,4.66
22293,มอเตอร์ไซค์,คลองเตย,2024-05-15,4.17
22294,มอเตอร์ไซค์,บางนา,2024-03-01,5.0
22295,มอเตอร์ไซค์,จตุจักร,2022-07-05,4.63
22296,มอเตอร์ไซค์,บางกะปิ,2024-01-12,4.69
22297,มอเตอร์ไซค์,ลาดพร้าว,2023-09-22,3.94
22298,มอเตอร์ไซค์,คลองเตย,2024-07-24,4.34
22299,จักรยาน,จตุจักร,2023-11-16,3.94
22300,รถยนต์,ลาดพร้าว,2024-01-07,4.37
22301,มอเตอร์ไซค์,ลาดพร้าว,2022-11-02,4.94
22302,มอเตอร์ไซค์,บางนา,2024-06-14,4.46
22303,มอเตอร์ไซค์,จตุจักร,2024-07-25,4.29
22304,มอเตอร์ไซค์,บางนา,2022-10-19,4.88
22305,จักรยาน,บางกะปิ,2023-01-25,4.66
22306,มอเตอร์ไซค์,พญาไท,2022-10-07,4.59
22307,มอเตอร์ไซค์,จตุจักร,2022-11-24,4.15
22308,มอเตอร์ไซค์,สวนหลวง,2022-06-18,5.0
22309,มอเตอร์ไซค์,บางนา,2023-03-31,4.4
22310,มอเตอร์ไซค์,วัฒนา,2022-12-17,4.56
22311,จักรยาน,พญาไท,2024-05-28,4.21
22312,มอเตอร์ไซค์,บางกะปิ,2024-06-03,4.1
22313,มอเตอร์ไซค์,ห้วยขวาง,2022-09-12,4.23
22314,มอเตอร์ไซค์,บางรัก,2022-11-08,4.55
22315,มอเตอร์ไซค์,ห้วยขวาง,2022-06-22,4.17
22316,มอเตอร์ไซค์,ห้วยขวาง,2024-05-10,5.0
22317,มอเตอร์ไซค์,บางนา,2024-03-17,4.46
22318,จักรยาน,ห้วยขวาง,2022-11-07,3.67
22319,มอเตอร์ไซค์,บางนา,2023-12-03,4.45
22320,มอเตอร์ไซค์,ลาดพร้าว,2023-06-16,3.2
22321,มอเตอร์ไซค์,ห้วยขวาง,2023-03-20,4.51
22322,มอเตอร์ไซค์,วัฒนา,2024-01-04,4.5
22323,มอเตอร์ไซค์,ลาดพร้าว,2023-11-18,4.85
22324,มอเตอร์ไซค์,ห้วยขวาง,2024-05-12,4.45
22325,มอเตอร์ไซค์,ดินแดง,2024-05-17,4.27
22326,มอเตอร์ไซค์,บางกะปิ,2024-07-27,4.66
22327,มอเตอร์ไซค์,ลาดพร้าว,2024-07-20,4.66
22328,มอเตอร์ไซค์,วัฒนา,2023-12-28,4.54
22329,มอเตอร์ไซค์,ห้วยขวาง,2024-02-20,4.2
22330,รถยนต์,บางรัก,2022-06-26,5.0
22331,มอเตอร์ไซค์,สาทร,2022-10-22,4.39
22332,มอเตอร์ไซค์,ห้วยขวาง,2022-06-25,4.65
22333,มอเตอร์ไซค์,ลาดพร้าว,2022-06-26,3.75
22334,มอเตอร์ไซค์,บางนา,2023-10-11,3.99
22335,รถยนต์,บางนา,2023-03-16,4.84
22336,จักรยาน,สวนหลวง,2024-07-07,4.97
22337,มอเตอร์ไซค์,พญาไท,2023-12-02,4.08
22338,มอเตอร์ไซค์,บางรัก,2024-02-03,4.3
22339,มอเตอร์ไซค์,จตุจักร,2024-04-17,5.0
22340,จักรยาน,จตุจักร,2024-05-22,4.17
22341,มอเตอร์ไซค์,วัฒนา,2023-09-11,4.59
22342,รถยนต์,จตุจักร,2024-05-31,4.72
22343,มอเตอร์ไซค์,สาทร,2024-03-17,4.84
22344,มอเตอร์ไซค์,ลาดพร้าว,2023-03-19,3.8
22345,มอเตอร์ไซค์,ลาดพร้าว,2023-12-13,4.64
22346,มอเตอร์ไซค์,จตุจักร,2022-08-20,3.89
22347,มอเตอร์ไซค์,วัฒนา,2022-10-25,4.8
22348,มอเตอร์ไซค์,ห้วยขวาง,2024-05-04,4.11
22349,มอเตอร์ไซค์,สาทร,2024-03-23,4.21
22350,มอเตอร์ไซค์,ลาดพร้าว,2024-03-02,4.85
22351,มอเตอร์ไซค์,บางนา,2023-09-17,3.93
22352,มอเตอร์ไซค์,วัฒนา,2024-07-06,4.33
22353,รถยนต์,ห้วยขวาง,2022-12-29,4.08
22354,มอเตอร์ไซค์,บางกะปิ,2023-07-02,3.99
22355,มอเตอร์ไซค์,คลองเตย,2022-09-18,3.82
22356,มอเตอร์ไซค์,ดินแดง,2024-05-30,4.28
22357,มอเตอร์ไซค์,จตุจักร,2023-06-25,4.05
22358,มอเตอร์ไซค์,ลาดพร้าว,2023-09-30,3.78
22359,มอเตอร์ไซค์,ดินแดง,2023-08-19,4.79
22360,มอเตอร์ไซค์,ห้วยขวาง,2024-03-01,4.12
22361,รถยนต์,ลาดพร้าว,2024-01-20,4.92
22362,มอเตอร์ไซค์,พญาไท,2023-06-12,4.3
22363,มอเตอร์ไซค์,บางนา,2023-12-12,4.19
22364,จักรยาน,บางรัก,2023-11-07,4.08
22365,มอเตอร์ไซค์,บางกะปิ,2023-11-24,4.25
22366,มอเตอร์ไซค์,บางรัก,2023-05-17,4.23
22367,มอเตอร์ไซค์,คลองเตย,2024-03-23,3.87
22368,มอเตอร์ไซค์,ห้วยขวาง,2023-05-04,4.91
22369,มอเตอร์ไซค์,คลองเตย,2024-04-29,4.6
22370,มอเตอร์ไซค์,ห้วยขวาง,2024-01-10,5.0
22371,มอเตอร์ไซค์,ลาดพร้าว,2023-03-22,4.29
22372,มอเตอร์ไซค์,บางนา,2023-06-26,4.53
22373,มอเตอร์ไซค์,บางรัก,2024-02-04,3.96
22374,มอเตอร์ไซค์,วัฒนา,2023-12-16,4.21
22375,มอเตอร์ไซค์,บางนา,2024-05-03,4.45
22376,มอเตอร์ไซค์,คลองเตย,2024-06-26,4.02
22377,มอเตอร์ไซค์,ลาดพร้าว,2023-03-03,4.35
22378,มอเตอร์ไซค์,คลองเตย,2022-11-03,4.24
22379,มอเตอร์ไซค์,ดินแดง,2023-08-06,4.84
22380,มอเตอร์ไซค์,บางนา,2022-07-23,4.17
22381,มอเตอร์ไซค์,คลองเตย,2024-02-23,3.63
22382,รถยนต์,บางกะปิ,2022-12-28,4.47
22383,มอเตอร์ไซค์,ห้วยขวาง,2022-11-22,4.4
22384,มอเตอร์ไซค์,บางนา,2022-10-19,4.41
22385,มอเตอร์ไซค์,สวนหลวง,2023-09-09,4.03
22386,มอเตอร์ไซค์,บางรัก,2023-12-17,4.12
22387,มอเตอร์ไซค์,บางนา,2022-09-12,4.26
22388,มอเตอร์ไซค์,วัฒนา,2023-04-27,4.05
22389,มอเตอร์ไซค์,คลองเตย,2023-10-28,4.68
22390,มอเตอร์ไซค์,ห้วยขวาง,2024-01-23,4.93
22391,มอเตอร์ไซค์,สาทร,2023-04-27,5.0
22392,มอเตอร์ไซค์,ห้วยขวาง,2023-09-11,3.84
22393,มอเตอร์ไซค์,สาทร,2022-06-17,4.66
22394,มอเตอร์ไซค์,พญาไท,2023-02-07,4.86
22395,มอเตอร์ไซค์,จตุจักร,2023-08-20,3.93
22396,มอเตอร์ไซค์,ลาดพร้าว,2023-01-05,5.0
22397,มอเตอร์ไซค์,สาทร,2023-07-13,4.4
22398,รถยนต์,คลองเตย,2024-02-16,3.76
22399,มอเตอร์ไซค์,จตุจักร,2023-07-15,4.45
22400,มอเตอร์ไซค์,ดินแดง,2022-07-23,5.0
22401,รถยนต์,พญาไท,2023-06-12,4.21
22402,มอเตอร์ไซค์,ดินแดง,2024-01-16,3.58
22403,มอเตอร์ไซค์,บางนา,2022-08-01,5.0
22404,มอเตอร์ไซค์,คลองเตย,2023-04-10,4.02
22405,มอเตอร์ไซค์,ลาดพร้าว,2024-07-17,4.28
22406,มอเตอร์ไซค์,พญาไท,2022-08-02,4.17
22407,มอเตอร์ไซค์,ลาดพร้าว,2022-09-22,4.15
22408,มอเตอร์ไซค์,จตุจักร,2023-08-28,4.28
22409,มอเตอร์ไซค์,สวนหลวง,2023-07-29,4.34
22410,มอเตอร์ไซค์,ลาดพร้าว,2022-12-21,4.15
22411,มอเตอร์ไซค์,บางกะปิ,2024-06-13,3.92
22412,มอเตอร์ไซค์,ลาดพร้าว,2024-01-04,3.89
22413,มอเตอร์ไซค์,ลาดพร้าว,2022-07-29,4.36
22414,มอเตอร์ไซค์,พญาไท,2023-05-23,5.0
22415,มอเตอร์ไซค์,ห้วยขวาง,2023-03-17,4.84
22416,มอเตอร์ไซค์,บางกะปิ,2024-05-18,5.0
22417,มอเตอร์ไซค์,สาทร,2023-03-29,4.72
22418,มอเตอร์ไซค์,บางนา,2024-04-25,3.87
22419,มอเตอร์ไซค์,ดินแดง,2024-02-08,5.0
22420,มอเตอร์ไซค์,สวนหลวง,2023-09-29,4.46
22421,มอเตอร์ไซค์,สวนหลวง,2022-12-14,5.0
22422,มอเตอร์ไซค์,วัฒนา,2023-10-22,4.13
22423,มอเตอร์ไซค์,บางกะปิ,2023-10-05,4.51
22424,มอเตอร์ไซค์,บางนา,2022-09-18,5.0
22425,มอเตอร์ไซค์,สวนหลวง,2024-02-06,4.31
22426,มอเตอร์ไซค์,วัฒนา,2024-04-06,4.28
22427,มอเตอร์ไซค์,วัฒนา,2023-01-08,4.62
22428,จักรยาน,พญาไท,2022-06-12,4.84
22429,มอเตอร์ไซค์,พญาไท,2024-04-02,4.52
22430,จักรยาน,บางรัก,2023-08-21,4.91
22431,มอเตอร์ไซค์,จตุจักร,2023-01-03,3.91
22432,มอเตอร์ไซค์,พญาไท,2023-04-25,4.21
22433,มอเตอร์ไซค์,บางนา,2022-07-22,5.0
22434,มอเตอร์ไซค์,พญาไท,2024-07-22,4.04
22435,มอเตอร์ไซค์,ลาดพร้าว,2023-09-15,4.67
22436,มอเตอร์ไซค์,สวนหลวง,2023-02-19,4.75
22437,มอเตอร์ไซค์,ดินแดง,2023-05-10,4.03
22438,มอเตอร์ไซค์,บางกะปิ,2023-10-31,4.59
22439,มอเตอร์ไซค์,สาทร,2024-04-10,4.93
22440,รถยนต์,สวนหลวง,2023-04-14,4.9
22441,มอเตอร์ไซค์,สวนหลวง,2023-11-07,4.73
22442,มอเตอร์ไซค์,ดินแดง,2023-03-02,4.39
22443,มอเตอร์ไซค์,บางกะปิ,2022-07-31,4.06
22444,มอเตอร์ไซค์,วัฒนา,2022-07-17,4.54
22445,มอเตอร์ไซค์,พญาไท,2022-08-13,4.83
22446,มอเตอร์ไซค์,สาทร,2024-07-15,4.68
22447,มอเตอร์ไซค์,ห้วยขวาง,2024-03-28,4.07
22448,มอเตอร์ไซค์,สาทร,2023-12-03,4.07
22449,มอเตอร์ไซค์,ลาดพร้าว,2023-09-13,4.02
22450,มอเตอร์ไซค์,ดินแดง,2023-12-24,4.2
22451,มอเตอร์ไซค์,บางรัก,2023-06-07,3.73
22452,มอเตอร์ไซค์,จตุจักร,2022-10-05,4.76
22453,จักรยาน,คลองเตย,2022-08-11,4.65
22454,มอเตอร์ไซค์,บางรัก,2023-03-05,4.52
22455,มอเตอร์ไซค์,บางรัก,2022-05-28,3.96
22456,มอเตอร์ไซค์,บางนา,2022-07-09,4.47
22457,มอเตอร์ไซค์,คลองเตย,2022-09-01,4.63
22458,มอเตอร์ไซค์,ห้วยขวาง,2022-10-28,4.39
22459,รถยนต์,คลองเตย,2022-11-27,4.83
22460,มอเตอร์ไซค์,คลองเตย,2022-10-30,4.03
22461,มอเตอร์ไซค์,สาทร,2022-11-27,4.41
22462,มอเตอร์ไซค์,วัฒนา,2022-12-08,4.5
22463,มอเตอร์ไซค์,ลาดพร้าว,2023-05-21,4.9
22464,มอเตอร์ไซค์,คลองเตย,2023-12-06,4.83
22465,มอเตอร์ไซค์,ลาดพร้าว,2022-12-21,4.7
22466,มอเตอร์ไซค์,ดินแดง,2024-02-02,3.52
22467,มอเตอร์ไซค์,วัฒนา,2022-10-30,4.77
22468,จักรยาน,สวนหลวง,2022-06-15,3.77
22469,มอเตอร์ไซค์,วัฒนา,2022-08-24,4.31
22470,มอเตอร์ไซค์,คลองเตย,2023-12-18,4.98
22471,มอเตอร์ไซค์,ลาดพร้าว,2023-06-21,4.4
22472,มอเตอร์ไซค์,บางรัก,2023-05-21,3.92
22473,มอเตอร์ไซค์,จตุจักร,2024-06-24,3.76
22474,รถยนต์,ลาดพร้าว,2024-01-12,4.31
22475,มอเตอร์ไซค์,บางนา,2022-07-17,4.02
22476,รถยนต์,วัฒนา,2024-06-04,4.11
22477,มอเตอร์ไซค์,สาทร,2023-12-30,4.32
22478,มอเตอร์ไซค์,บางนา,2022-06-05,4.85
22479,มอเตอร์ไซค์,บางกะปิ,2023-05-23,4.84
22480,มอเตอร์ไซค์,ลาดพร้าว,2023-01-26,5.0
22481,มอเตอร์ไซค์,บางนา,2023-06-29,3.56
22482,มอเตอร์ไซค์,บางนา,2024-01-18,4.76
22483,มอเตอร์ไซค์,จตุจักร,2022-06-04,4.17
22484,มอเตอร์ไซค์,สาทร,2022-11-28,4.29
22485,จักรยาน,จตุจักร,2023-08-13,4.57
22486,มอเตอร์ไซค์,วัฒนา,2022-08-24,4.58
22487,มอเตอร์ไซค์,วัฒนา,2024-07-16,4.31
22488,มอเตอร์ไซค์,พญาไท,2023-04-07,3.72
22489,มอเตอร์ไซค์,ลาดพร้าว,2023-08-20,4.06
22490,มอเตอร์ไซค์,พญาไท,2024-03-30,4.74
22491,มอเตอร์ไซค์,จตุจักร,2024-02-20,4.96
22492,มอเตอร์ไซค์,ห้วยขวาง,2024-01-20,4.09
22493,มอเตอร์ไซค์,ลาดพร้าว,2023-05-03,4.25
22494,มอเตอร์ไซค์,สวนหลวง,2022-06-14,4.74
22495,มอเตอร์ไซค์,ลาดพร้าว,2023-05-27,4.41
22496,มอเตอร์ไซค์,บางนา,2023-09-18,4.59
22497,มอเตอร์ไซค์,พญาไท,2023-08-19,3.8
22498,มอเตอร์ไซค์,ดินแดง,2022-09-29,4.58
22499,รถยนต์,พญาไท,2024-03-15,4.42
22500,มอเตอร์ไซค์,วัฒนา,2023-10-26,4.16
22501,มอเตอร์ไซค์,สาทร,2023-05-04,4.46
22502,มอเตอร์ไซค์,สาทร,2024-06-25,4.22
22503,มอเตอร์ไซค์,พญาไท,2023-07-05,3.27
22504,มอเตอร์ไซค์,คลองเตย,2023-02-27,4.36
22505,มอเตอร์ไซค์,ห้วยขวาง,2022-10-21,4.75
22506,มอเตอร์ไซค์,คลองเตย,2024-01-28,3.94
22507,มอเตอร์ไซค์,บางรัก,2023-11-06,4.34
22508,มอเตอร์ไซค์,คลองเตย,2024-07-22,4.72
22509,รถยนต์,ดินแดง,2024-02-12,4.49
22510,มอเตอร์ไซค์,ดินแดง,2022-07-15,4.33
22511,มอเตอร์ไซค์,สวนหลวง,2023-01-07,3.79
22512,มอเตอร์ไซค์,วัฒนา,2022-09-09,4.44
22513,มอเตอร์ไซค์,ห้วยขวาง,2024-02-01,3.58
22514,มอเตอร์ไซค์,ห้วยขวาง,2024-07-27,4.2
22515,มอเตอร์ไซค์,ลาดพร้าว,2022-07-07,4.22
22516,มอเตอร์ไซค์,ลาดพร้าว,2022-08-21,4.94
22517,มอเตอร์ไซค์,วัฒนา,2022-07-10,4.41
22518,มอเตอร์ไซค์,ดินแดง,2024-04-01,4.18
22519,มอเตอร์ไซค์,บางนา,2023-04-09,4.56
22520,จักรยาน,ห้วยขวาง,2023-09-12,4.04
22521,มอเตอร์ไซค์,บางรัก,2023-08-18,4.31
22522,มอเตอร์ไซค์,ลาดพร้าว,2023-11-20,4.79
22523,มอเตอร์ไซค์,สาทร,2024-06-21,4.74
22524,มอเตอร์ไซค์,วัฒนา,2023-10-28,4.53
22525,มอเตอร์ไซค์,ลาดพร้าว,2024-06-19,4.58
22526,มอเตอร์ไซค์,สาทร,2023-09-21,4.28
22527,มอเตอร์ไซค์,สาทร,2023-02-01,4.01
22528,มอเตอร์ไซค์,บางนา,2022-07-14,3.44
22529,มอเตอร์ไซค์,พญาไท,2023-09-23,4.16
22530,จักรยาน,บางนา,2023-11-30,4.24
22531,มอเตอร์ไซค์,บางกะปิ,2023-02-13,4.17
22532,จักรยาน,วัฒนา,2023-07-02,4.51
22533,รถยนต์,บางรัก,2022-12-31,4.08
22534,มอเตอร์ไซค์,บางรัก,2024-07-18,3.88
22535,มอเตอร์ไซค์,บางนา,2024-01-14,4.11
22536,มอเตอร์ไซค์,บางนา,2023-08-30,3.82
22537,รถยนต์,สวนหลวง,2024-04-23,5.0
22538,มอเตอร์ไซค์,บางกะปิ,2022-08-29,4.55
22539,มอเตอร์ไซค์,บางรัก,2023-02-18,4.35
22540,จักรยาน,จตุจักร,2022-11-06,4.53
22541,จักรยาน,บางกะปิ,2022-08-07,4.64
22542,มอเตอร์ไซค์,ลาดพร้าว,2022-12-14,3.97
22543,จักรยาน,สวนหลวง,2023-12-17,4.14
22544,มอเตอร์ไซค์,วัฒนา,2023-09-01,4.26
22545,จักรยาน,พญาไท,2024-04-30,4.13
22546,มอเตอร์ไซค์,วัฒนา,2023-06-02,4.77
22547,มอเตอร์ไซค์,จตุจักร,2024-06-28,4.03
22548,มอเตอร์ไซค์,วัฒนา,2023-02-15,5.0
22549,มอเตอร์ไซค์,ลาดพร้าว,2023-11-23,4.38
22550,มอเตอร์ไซค์,วัฒนา,2022-12-23,4.33
22551,มอเตอร์ไซค์,บางรัก,2022-12-17,3.71
22552,มอเตอร์ไซค์,บางนา,2023-06-15,5.0
22553,มอเตอร์ไซค์,ดินแดง,2023-06-23,4.61
22554,มอเตอร์ไซค์,ห้วยขวาง,2022-06-20,4.47
22555,มอเตอร์ไซค์,พญาไท,2023-05-19,4.57
22556,มอเตอร์ไซค์,ลาดพร้าว,2023-09-20,4.89
22557,มอเตอร์ไซค์,คลองเตย,2023-10-10,4.03
22558,มอเตอร์ไซค์,วัฒนา,2024-06-21,4.26
22559,มอเตอร์ไซค์,ห้วยขวาง,2022-09-16,5.0
22560,มอเตอร์ไซค์,ห้วยขวาง,2022-07-03,3.91
22561,มอเตอร์ไซค์,สาทร,2022-06-30,4.58
22562,มอเตอร์ไซค์,จตุจักร,2022-06-23,4.59
22563,มอเตอร์ไซค์,ดินแดง,2024-02-12,4.47
22564,มอเตอร์ไซค์,บางกะปิ,2023-10-06,4.48
22565,จักรยาน,วัฒนา,2023-09-13,4.83
22566,มอเตอร์ไซค์,วัฒนา,2024-04-15,4.42
22567,มอเตอร์ไซค์,บางนา,2023-05-11,3.88
22568,จักรยาน,สาทร,2023-06-30,4.53
22569,มอเตอร์ไซค์,คลองเตย,2024-01-16,4.09
22570,มอเตอร์ไซค์,บางนา,2022-10-06,4.95
22571,มอเตอร์ไซค์,พญาไท,2023-12-27,4.17
22572,มอเตอร์ไซค์,ดินแดง,2024-07-19,4.24
22573,มอเตอร์ไซค์,บางนา,2023-01-11,3.9
22574,มอเตอร์ไซค์,จตุจักร,2023-03-12,4.1
22575,มอเตอร์ไซค์,ลาดพร้าว,2022-07-21,4.51
22576,มอเตอร์ไซค์,สวนหลวง,2023-05-23,5.0
22577,มอเตอร์ไซค์,บางนา,2023-04-09,4.66
22578,มอเตอร์ไซค์,บางกะปิ,2024-01-05,4.13
22579,มอเตอร์ไซค์,คลองเตย,2023-12-21,3.76
22580,จักรยาน,สาทร,2023-02-03,4.54
22581,มอเตอร์ไซค์,พญาไท,2022-07-25,4.49
22582,มอเตอร์ไซค์,ห้วยขวาง,2023-05-25,4.45
22583,มอเตอร์ไซค์,บางรัก,2023-12-08,4.48
22584,มอเตอร์ไซค์,สวนหลวง,2023-03-27,4.99
22585,มอเตอร์ไซค์,จตุจักร,2023-07-08,4.22
22586,มอเตอร์ไซค์,บางกะปิ,2023-08-13,3.7
22587,มอเตอร์ไซค์,จตุจักร,2022-08-01,4.68
22588,มอเตอร์ไซค์,วัฒนา,2022-08-24,4.74
22589,มอเตอร์ไซค์,คลองเตย,2023-05-22,4.48
22590,มอเตอร์ไซค์,ลาดพร้าว,2023-08-23,4.69
22591,จักรยาน,สวนหลวง,2022-09-03,4.59
22592,มอเตอร์ไซค์,บางนา,2023-02-21,3.98
22593,มอเตอร์ไซค์,บางนา,2023-03-12,4.16
22594,รถยนต์,บางนา,2022-09-18,4.49
22595,มอเตอร์ไซค์,บางนา,2023-01-02,4.25
22596,จักรยาน,คลองเตย,2023-08-14,3.9
22597,มอเตอร์ไซค์,บางรัก,2023-01-06,4.35
22598,มอเตอร์ไซค์,ลาดพร้าว,2022-07-24,4.19
22599,มอเตอร์ไซค์,คลองเตย,2023-01-12,4.45
22600,มอเตอร์ไซค์,บางกะปิ,2023-11-09,4.88
22601,มอเตอร์ไซค์,ลาดพร้าว,2023-06-26,4.43
22602,มอเตอร์ไซค์,วัฒนา,2022-11-06,4.08
22603,มอเตอร์ไซค์,ลาดพร้าว,2023-05-10,4.36
22604,มอเตอร์ไซค์,คลองเตย,2024-02-22,4.89
22605,มอเตอร์ไซค์,บางรัก,2023-08-24,4.67
22606,มอเตอร์ไซค์,คลองเตย,2023-01-04,4.3
22607,รถยนต์,ลาดพร้าว,2023-12-27,4.38
22608,จักรยาน,พญาไท,2023-01-01,4.64
22609,มอเตอร์ไซค์,บางรัก,2023-04-04,4.57
22610,มอเตอร์ไซค์,สาทร,2022-06-25,4.87
22611,มอเตอร์ไซค์,ลาดพร้าว,2023-12-07,4.29
22612,มอเตอร์ไซค์,สวนหลวง,2023-10-30,4.48
22613,รถยนต์,สาทร,2022-06-16,4.31
22614,มอเตอร์ไซค์,คลองเตย,2024-02-13,4.74
22615,มอเตอร์ไซค์,ลาดพร้าว,2023-10-03,4.8
22616,จักรยาน,บางกะปิ,2023-05-06,4.56
22617,จักรยาน,ห้วยขวาง,2022-12-12,4.52
22618,มอเตอร์ไซค์,บางนา,2023-11-10,4.96
22619,มอเตอร์ไซค์,ห้วยขวาง,2023-05-01,4.62
22620,รถยนต์,บางรัก,2022-12-14,4.03
22621,มอเตอร์ไซค์,บางรัก,2024-03-04,4.15
22622,มอเตอร์ไซค์,บางนา,2023-01-11,5.0
22623,มอเตอร์ไซค์,สาทร,2022-09-02,4.56
22624,มอเตอร์ไซค์,คลองเตย,2023-03-29,4.24
22625,มอเตอร์ไซค์,จตุจักร,2024-02-16,4.2
22626,มอเตอร์ไซค์,บางนา,2023-12-30,4.24
22627,มอเตอร์ไซค์,ห้วยขวาง,2022-12-23,4.23
22628,มอเตอร์ไซค์,ลาดพร้าว,2024-05-08,4.35
22629,จักรยาน,บางนา,2022-11-22,4.01
22630,มอเตอร์ไซค์,พญาไท,2024-04-13,3.71
22631,มอเตอร์ไซค์,สวนหลวง,2024-04-11,4.53
22632,มอเตอร์ไซค์,ลาดพร้าว,2023-01-29,4.31
22633,มอเตอร์ไซค์,สาทร,2024-03-28,3.47
22634,มอเตอร์ไซค์,ลาดพร้าว,2022-08-26,4.33
22635,รถยนต์,พญาไท,2022-07-02,5.0
22636,มอเตอร์ไซค์,บางนา,2024-04-05,4.03
22637,มอเตอร์ไซค์,สาทร,2022-07-26,4.19
22638,มอเตอร์ไซค์,คลองเตย,2024-03-21,4.91
22639,จักรยาน,ลาดพร้าว,2022-10-09,4.67
22640,มอเตอร์ไซค์,ดินแดง,2023-06-04,4.63
22641,มอเตอร์ไซค์,คลองเตย,2024-07-23,4.79
22642,มอเตอร์ไซค์,วัฒนา,2023-05-16,3.66
22643,มอเตอร์ไซค์,ห้วยขวาง,2023-04-10,4.49
22644,มอเตอร์ไซค์,บางรัก,2023-09-22,3.75
22645,มอเตอร์ไซค์,บางกะปิ,2023-08-22,4.36
22646,มอเตอร์ไซค์,ห้วยขวาง,2023-03-31,4.67
22647,มอเตอร์ไซค์,สาทร,2022-11-04,3.89
22648,มอเตอร์ไซค์,วัฒนา,2023-11-09,4.46
22649,มอเตอร์ไซค์,พญาไท,2023-03-12,4.85
22650,มอเตอร์ไซค์,พญาไท,2022-10-08,4.05
22651,มอเตอร์ไซค์,วัฒนา,2023-02-25,4.64
22652,มอเตอร์ไซค์,บางรัก,2023-10-21,4.52
22653,จักรยาน,พญาไท,2024-02-17,3.79
22654,มอเตอร์ไซค์,ห้วยขวาง,2023-05-05,4.65
22655,มอเตอร์ไซค์,ห้วยขวาง,2024-05-02,3.93
22656,มอเตอร์ไซค์,ห้วยขวาง,2024-04-15,4.29
22657,มอเตอร์ไซค์,วัฒนา,2023-09-09,4.62
22658,มอเตอร์ไซค์,วัฒนา,2024-04-22,4.47
22659,มอเตอร์ไซค์,บางรัก,2022-11-05,4.25
22660,มอเตอร์ไซค์,พญาไท,2024-06-14,4.44
22661,มอเตอร์ไซค์,ลาดพร้าว,2023-12-09,3.57
22662,มอเตอร์ไซค์,บางนา,2023-03-13,3.75
22663,มอเตอร์ไซค์,ห้วยขวาง,2023-03-23,4.88
22664,จักรยาน,บางกะปิ,2024-07-22,4.78
22665,มอเตอร์ไซค์,วัฒนา,2023-12-28,4.84
22666,มอเตอร์ไซค์,ห้วยขวาง,2022-07-16,3.92
22667,มอเตอร์ไซค์,พญาไท,2022-05-28,4.86
22668,มอเตอร์ไซค์,วัฒนา,2022-10-16,4.81
22669,มอเตอร์ไซค์,วัฒนา,2023-09-25,4.14
22670,มอเตอร์ไซค์,คลองเตย,2023-08-29,4.34
22671,จักรยาน,ห้วยขวาง,2024-02-08,4.21
22672,มอเตอร์ไซค์,สวนหลวง,2023-05-06,3.82
22673,รถยนต์,วัฒนา,2022-08-19,4.6
22674,มอเตอร์ไซค์,วัฒนา,2024-07-27,4.74
22675,มอเตอร์ไซค์,วัฒนา,2022-09-16,4.32
22676,มอเตอร์ไซค์,บางนา,2024-04-19,3.73
22677,รถยนต์,บางนา,2023-02-07,4.02
22678,มอเตอร์ไซค์,บางนา,2022-12-22,4.69
22679,มอเตอร์ไซค์,ดินแดง,2023-08-06,4.36
22680,มอเตอร์ไซค์,บางนา,2023-02-24,4.4
22681,มอเตอร์ไซค์,ดินแดง,2023-01-30,4.4
22682,มอเตอร์ไซค์,ลาดพร้าว,2023-04-23,5.0
22683,มอเตอร์ไซค์,จตุจักร,2023-06-23,4.21
22684,มอเตอร์ไซค์,พญาไท,2024-05-06,4.54
22685,มอเตอร์ไซค์,วัฒนา,2023-03-25,4.66
22686,มอเตอร์ไซค์,สาทร,2024-01-19,4.57
22687,มอเตอร์ไซค์,จตุจักร,2023-12-07,4.28
22688,มอเตอร์ไซค์,จตุจักร,2022-08-05,4.23
22689,มอเตอร์ไซค์,ลาดพร้าว,2023-09-19,5.0
22690,มอเตอร์ไซค์,วัฒนา,2022-08-01,4.68
22691,มอเตอร์ไซค์,สาทร,2023-04-15,5.0
22692,รถยนต์,สาทร,2023-11-09,4.45
22693,มอเตอร์ไซค์,บางกะปิ,2024-03-10,4.18
22694,มอเตอร์ไซค์,สวนหลวง,2023-06-15,3.08
22695,มอเตอร์ไซค์,จตุจักร,2023-04-27,3.9
22696,มอเตอร์ไซค์,ห้วยขวาง,2022-09-16,3.55
22697,มอเตอร์ไซค์,บางนา,2022-12-10,4.48
22698,มอเตอร์ไซค์,วัฒนา,2022-08-20,5.0
22699,มอเตอร์ไซค์,บางกะปิ,2023-04-19,4.36
22700,มอเตอร์ไซค์,ลาดพร้าว,2024-04-16,4.26
22701,จักรยาน,บางนา,2023-02-13,4.29
22702,มอเตอร์ไซค์,วัฒนา,2024-04-15,4.73
22703,จักรยาน,ลาดพร้าว,2023-07-25,4.42
22704,มอเตอร์ไซค์,สาทร,2023-02-08,3.55
22705,มอเตอร์ไซค์,บางนา,2022-06-16,3.96
22706,มอเตอร์ไซค์,บางนา,2024-05-16,4.62
22707,มอเตอร์ไซค์,ลาดพร้าว,2022-09-24,4.75
22708,มอเตอร์ไซค์,บางนา,2022-12-24,4.25
22709,มอเตอร์ไซค์,คลองเตย,2024-04-21,4.54
22710,มอเตอร์ไซค์,ดินแดง,2022-08-13,4.71
22711,มอเตอร์ไซค์,บางกะปิ,2022-08-21,4.65
22712,จักรยาน,บางนา,2022-06-16,4.5
22713,มอเตอร์ไซค์,บางกะปิ,2024-05-15,4.44
22714,มอเตอร์ไซค์,วัฒนา,2022-06-16,3.23
22715,มอเตอร์ไซค์,ดินแดง,2023-04-23,4.04
22716,มอเตอร์ไซค์,สาทร,2024-01-30,4.72
22717,มอเตอร์ไซค์,บางนา,2023-06-28,4.35
22718,มอเตอร์ไซค์,สวนหลวง,2024-02-16,4.73
22719,มอเตอร์ไซค์,วัฒนา,2024-06-13,4.38
22720,มอเตอร์ไซค์,จตุจักร,2023-05-07,4.47
22721,มอเตอร์ไซค์,คลองเตย,2024-02-02,3.76
22722,มอเตอร์ไซค์,บางนา,2023-12-23,4.36
22723,จักรยาน,ลาดพร้าว,2023-12-30,4.31
22724,มอเตอร์ไซค์,สาทร,2024-06-05,4.24
22725,มอเตอร์ไซค์,บางกะปิ,2024-04-12,4.58
22726,มอเตอร์ไซค์,คลองเตย,2023-09-16,4.36
22727,มอเตอร์ไซค์,สาทร,2024-02-01,4.18
22728,มอเตอร์ไซค์,จตุจักร,2024-04-20,3.46
22729,มอเตอร์ไซค์,จตุจักร,2022-06-20,4.6
22730,มอเตอร์ไซค์,วัฒนา,2022-07-17,4.34
22731,มอเตอร์ไซค์,ดินแดง,2022-11-11,3.66
22732,รถยนต์,จตุจักร,2023-02-01,4.74
22733,มอเตอร์ไซค์,สวนหลวง,2024-02-06,3.97
22734,มอเตอร์ไซค์,ห้วยขวาง,2023-04-23,4.16
22735,มอเตอร์ไซค์,ลาดพร้าว,2022-06-19,3.79
22736,มอเตอร์ไซค์,พญาไท,2024-03-27,4.18
22737,มอเตอร์ไซค์,พญาไท,2023-12-29,4.5
22738,มอเตอร์ไซค์,สวนหลวง,2023-01-20,4.36
22739,มอเตอร์ไซค์,บางกะปิ,2023-12-14,4.31
22740,มอเตอร์ไซค์,สาทร,2024-01-23,3.81
22741,มอเตอร์ไซค์,จตุจักร,2022-09-18,3.29
22742,รถยนต์,พญาไท,2023-08-06,4.15
22743,มอเตอร์ไซค์,ดินแดง,2024-04-08,4.11
22744,มอเตอร์ไซค์,ดินแดง,2024-03-16,4.25
22745,มอเตอร์ไซค์,บางนา,2023-02-28,4.23
22746,มอเตอร์ไซค์,บางนา,2024-07-15,4.18
22747,มอเตอร์ไซค์,ห้วยขวาง,2022-07-26,4.09
22748,มอเตอร์ไซค์,จตุจักร,2024-05-29,4.03
22749,มอเตอร์ไซค์,ห้วยขวาง,2023-02-13,4.43
22750,มอเตอร์ไซค์,สาทร,2023-03-02,4.2
22751,มอเตอร์ไซค์,พญาไท,2023-07-02,4.48
22752,มอเตอร์ไซค์,วัฒนา,2024-07-03,4.36
22753,มอเตอร์ไซค์,บางรัก,2024-07-02,4.0
22754,มอเตอร์ไซค์,บางกะปิ,2024-05-07,4.59
22755,มอเตอร์ไซค์,บางนา,2023-03-09,4.2
22756,รถยนต์,บางกะปิ,2023-10-27,4.03
22757,มอเตอร์ไซค์,จตุจักร,2024-04-09,4.91
22758,มอเตอร์ไซค์,ห้วยขวาง,2023-08-02,4.43
22759,มอเตอร์ไซค์,จตุจักร,2023-09-21,4.84
22760,มอเตอร์ไซค์,คลองเตย,2024-06-18,4.82
22761,มอเตอร์ไซค์,ดินแดง,2022-12-13,4.3
22762,มอเตอร์ไซค์,บางรัก,2024-01-08,3.91
22763,มอเตอร์ไซค์,จตุจักร,2022-11-04,4.65
22764,มอเตอร์ไซค์,สาทร,2023-06-30,4.93
22765,มอเตอร์ไซค์,ลาดพร้าว,2023-07-12,3.67
22766,มอเตอร์ไซค์,สาทร,2023-04-02,4.12
22767,มอเตอร์ไซค์,จตุจักร,2022-10-10,4.76
22768,มอเตอร์ไซค์,ลาดพร้าว,2022-12-23,4.57
22769,มอเตอร์ไซค์,จตุจักร,2022-12-07,3.59
22770,จักรยาน,ห้วยขวาง,2023-05-14,3.84
22771,มอเตอร์ไซค์,ห้วยขวาง,2022-08-09,4.63
22772,มอเตอร์ไซค์,ดินแดง,2022-06-05,4.55
22773,จักรยาน,ห้วยขวาง,2024-06-19,4.85
22774,มอเตอร์ไซค์,บางนา,2022-12-27,4.71
22775,มอเตอร์ไซค์,บางกะปิ,2023-02-15,4.43
22776,มอเตอร์ไซค์,สาทร,2023-01-21,4.76
22777,มอเตอร์ไซค์,จตุจักร,2024-02-14,4.43
22778,มอเตอร์ไซค์,ลาดพร้าว,2024-03-12,5.0
22779,มอเตอร์ไซค์,ลาดพร้าว,2022-10-09,4.14
22780,มอเตอร์ไซค์,วัฒนา,2023-10-14,4.66
22781,รถยนต์,ลาดพร้าว,2023-10-20,3.54
22782,มอเตอร์ไซค์,สาทร,2023-09-09,4.11
22783,มอเตอร์ไซค์,บางกะปิ,2024-04-02,4.49
22784,มอเตอร์ไซค์,สาทร,2022-10-10,4.36
22785,มอเตอร์ไซค์,วัฒนา,2022-07-13,4.57
22786,มอเตอร์ไซค์,บางกะปิ,2022-07-07,4.27
22787,มอเตอร์ไซค์,พญาไท,2022-11-16,4.6
22788,มอเตอร์ไซค์,ห้วยขวาง,2023-09-18,4.4
22789,รถยนต์,จตุจักร,2024-05-21,4.28
22790,มอเตอร์ไซค์,คลองเตย,2022-09-02,4.96
22791,มอเตอร์ไซค์,วัฒนา,2024-01-12,4.89
22792,มอเตอร์ไซค์,สาทร,2023-04-02,4.54
22793,มอเตอร์ไซค์,บางนา,2023-09-09,3.73
22794,มอเตอร์ไซค์,คลองเตย,2023-08-24,4.02
22795,มอเตอร์ไซค์,ห้วยขวาง,2024-05-23,4.41
22796,มอเตอร์ไซค์,จตุจักร,2023-08-06,4.76
22797,มอเตอร์ไซค์,พญาไท,2023-04-05,4.74
22798,มอเตอร์ไซค์,ห้วยขวาง,2022-10-06,4.71
22799,มอเตอร์ไซค์,บางกะปิ,2022-12-04,4.6
22800,มอเตอร์ไซค์,บางนา,2024-04-06,4.47
22801,มอเตอร์ไซค์,สวนหลวง,2022-11-07,5.0
22802,มอเตอร์ไซค์,บางนา,2023-05-10,4.24
22803,มอเตอร์ไซค์,ดินแดง,2022-07-25,3.51
22804,มอเตอร์ไซค์,สวนหลวง,2024-07-04,4.73
22805,มอเตอร์ไซค์,สวนหลวง,2022-12-13,4.83
22806,มอเตอร์ไซค์,ห้วยขวาง,2023-04-29,4.0
22807,มอเตอร์ไซค์,จตุจักร,2022-08-18,4.03
22808,มอเตอร์ไซค์,สาทร,2023-07-02,3.87
22809,มอเตอร์ไซค์,คลองเตย,2024-05-03,3.93
22810,มอเตอร์ไซค์,วัฒนา,2024-01-12,4.74
22811,มอเตอร์ไซค์,ลาดพร้าว,2023-12-06,4.33
22812,มอเตอร์ไซค์,บางนา,2023-01-07,4.94
22813,มอเตอร์ไซค์,บางนา,2023-03-04,4.85
22814,มอเตอร์ไซค์,จตุจักร,2023-11-06,4.43
22815,มอเตอร์ไซค์,บางนา,2024-04-15,4.31
22816,จักรยาน,สาทร,2023-07-24,4.51
22817,มอเตอร์ไซค์,คลองเตย,2023-08-30,4.47
22818,มอเตอร์ไซค์,บางกะปิ,2023-12-06,4.92
22819,มอเตอร์ไซค์,บางรัก,2024-03-29,4.74
22820,มอเตอร์ไซค์,พญาไท,2023-07-04,4.42
22821,มอเตอร์ไซค์,วัฒนา,2023-10-31,4.26
22822,มอเตอร์ไซค์,บางนา,2023-10-12,4.24
22823,มอเตอร์ไซค์,คลองเตย,2024-02-09,4.33
22824,จักรยาน,บางนา,2023-05-12,4.93
22825,มอเตอร์ไซค์,ลาดพร้าว,2023-03-13,4.87
22826,มอเตอร์ไซค์,บางนา,2022-12-04,5.0
22827,จักรยาน,บางรัก,2024-04-19,4.29
22828,มอเตอร์ไซค์,วัฒนา,2023-01-28,4.48
22829,มอเตอร์ไซค์,วัฒนา,2023-02-19,4.48
22830,มอเตอร์ไซค์,บางรัก,2024-01-02,4.63
22831,มอเตอร์ไซค์,บางนา,2023-10-12,3.79
22832,มอเตอร์ไซค์,พญาไท,2023-12-04,4.45
22833,มอเตอร์ไซค์,บางนา,2024-04-20,4.2
22834,มอเตอร์ไซค์,บางนา,2023-08-26,3.92
22835,มอเตอร์ไซค์,สาทร,2023-05-30,4.15
22836,มอเตอร์ไซค์,บางนา,2023-05-31,4.23
22837,รถยนต์,สาทร,2023-12-03,4.51
22838,มอเตอร์ไซค์,บางรัก,2023-04-08,4.26
22839,จักรยาน,ลาดพร้าว,2022-05-30,4.45
22840,มอเตอร์ไซค์,ลาดพร้าว,2023-03-14,4.23
22841,มอเตอร์ไซค์,ห้วยขวาง,2023-12-10,4.6
22842,มอเตอร์ไซค์,คลองเตย,2022-11-03,4.59
22843,มอเตอร์ไซค์,บางกะปิ,2022-09-09,4.12
22844,มอเตอร์ไซค์,จตุจักร,2023-10-08,4.56
22845,มอเตอร์ไซค์,จตุจักร,2022-08-20,4.32
22846,มอเตอร์ไซค์,บางนา,2023-06-03,4.61
22847,มอเตอร์ไซค์,พญาไท,2024-01-04,4.01
22848,มอเตอร์ไซค์,ดินแดง,2023-09-30,4.44
22849,มอเตอร์ไซค์,บางรัก,2022-09-02,4.41
22850,มอเตอร์ไซค์,ห้วยขวาง,2023-11-18,4.85
22851,มอเตอร์ไซค์,ห้วยขวาง,2022-09-30,3.36
22852,มอเตอร์ไซค์,คลองเตย,2023-07-23,4.46
22853,รถยนต์,บางกะปิ,2022-10-13,4.39
22854,มอเตอร์ไซค์,ลาดพร้าว,2024-07-13,4.36
22855,จักรยาน,พญาไท,2023-06-17,4.23
22856,มอเตอร์ไซค์,สาทร,2024-05-24,5.0
22857,มอเตอร์ไซค์,พญาไท,2024-06-09,4.01
22858,มอเตอร์ไซค์,ห้วยขวาง,2022-07-20,4.36
22859,มอเตอร์ไซค์,ลาดพร้าว,2022-09-03,4.97
22860,มอเตอร์ไซค์,พญาไท,2023-02-19,3.91
22861,มอเตอร์ไซค์,ห้วยขวาง,2022-08-20,4.06
22862,มอเตอร์ไซค์,บางกะปิ,2023-10-27,4.94
22863,รถยนต์,พญาไท,2023-04-20,4.53
22864,มอเตอร์ไซค์,สวนหลวง,2024-03-25,4.69
22865,มอเตอร์ไซค์,ลาดพร้าว,2022-12-19,4.52
22866,มอเตอร์ไซค์,พญาไท,2023-02-27,3.74
22867,จักรยาน,ลาดพร้าว,2023-05-22,4.97
22868,มอเตอร์ไซค์,ลาดพร้าว,2023-12-12,3.91
22869,มอเตอร์ไซค์,วัฒนา,2024-06-17,4.5
22870,มอเตอร์ไซค์,บางกะปิ,2023-04-29,3.76
22871,มอเตอร์ไซค์,ลาดพร้าว,2024-04-03,3.94
22872,มอเตอร์ไซค์,ห้วยขวาง,2023-08-23,3.86
22873,มอเตอร์ไซค์,บางนา,2024-06-16,4.47
22874,มอเตอร์ไซค์,ลาดพร้าว,2024-06-05,4.93
22875,มอเตอร์ไซค์,ห้วยขวาง,2022-07-21,4.62
22876,จักรยาน,ห้วยขวาง,2023-12-20,4.13
22877,มอเตอร์ไซค์,ห้วยขวาง,2024-05-22,3.87
22878,รถยนต์,ดินแดง,2024-05-19,4.68
22879,มอเตอร์ไซค์,พญาไท,2023-10-16,4.6
22880,มอเตอร์ไซค์,สาทร,2023-02-20,4.61
22881,มอเตอร์ไซค์,พญาไท,2024-02-28,4.72
22882,มอเตอร์ไซค์,ดินแดง,2024-05-03,4.78
22883,มอเตอร์ไซค์,ห้วยขวาง,2022-07-13,4.14
22884,มอเตอร์ไซค์,บางนา,2023-12-23,4.01
22885,มอเตอร์ไซค์,คลองเตย,2023-09-28,4.52
22886,จักรยาน,พญาไท,2022-10-28,3.79
22887,มอเตอร์ไซค์,ห้วยขวาง,2023-03-04,5.0
22888,มอเตอร์ไซค์,บางกะปิ,2024-06-03,4.88
22889,จักรยาน,สาทร,2023-04-01,4.87
22890,มอเตอร์ไซค์,คลองเตย,2023-02-12,3.75
22891,รถยนต์,สวนหลวง,2023-08-17,3.83
22892,มอเตอร์ไซค์,วัฒนา,2024-04-04,4.15
22893,มอเตอร์ไซค์,สาทร,2024-02-28,5.0
22894,มอเตอร์ไซค์,บางกะปิ,2023-01-23,3.97
22895,มอเตอร์ไซค์,บางนา,2023-07-09,5.0
22896,มอเตอร์ไซค์,คลองเตย,2022-07-21,4.08
22897,มอเตอร์ไซค์,บางนา,2022-09-24,5.0
22898,จักรยาน,สวนหลวง,2022-08-02,3.68
22899,มอเตอร์ไซค์,คลองเตย,2024-05-27,4.04
22900,มอเตอร์ไซค์,วัฒนา,2022-11-24,4.37
22901,มอเตอร์ไซค์,บางรัก,2024-06-03,4.76
22902,มอเตอร์ไซค์,สาทร,2023-03-23,4.38
22903,จักรยาน,บางนา,2022-05-31,4.82
22904,มอเตอร์ไซค์,บางกะปิ,2023-01-07,3.75
22905,มอเตอร์ไซค์,จตุจักร,2022-10-12,4.61
22906,มอเตอร์ไซค์,ห้วยขวาง,2024-01-03,3.54
22907,รถยนต์,บางนา,2022-10-09,4.65
22908,มอเตอร์ไซค์,ลาดพร้าว,2023-10-08,4.31
22909,มอเตอร์ไซค์,บางรัก,2024-02-04,4.52
22910,มอเตอร์ไซค์,วัฒนา,2023-04-05,3.98
22911,มอเตอร์ไซค์,บางนา,2024-01-08,4.7
22912,มอเตอร์ไซค์,ดินแดง,2024-06-08,4.55
22913,มอเตอร์ไซค์,บางรัก,2022-09-07,4.36
22914,มอเตอร์ไซค์,วัฒนา,2024-03-19,4.27
22915,มอเตอร์ไซค์,ลาดพร้าว,2023-01-09,4.62
22916,มอเตอร์ไซค์,วัฒนา,2024-02-17,4.46
22917,มอเตอร์ไซค์,ห้วยขวาง,2024-04-15,4.15
22918,มอเตอร์ไซค์,จตุจักร,2023-06-05,3.88
22919,จักรยาน,พญาไท,2023-11-14,4.25
22920,มอเตอร์ไซค์,ห้วยขวาง,2023-07-12,3.52
22921,จักรยาน,ดินแดง,2022-06-15,4.51
22922,มอเตอร์ไซค์,ห้วยขวาง,2023-09-21,3.55
22923,มอเตอร์ไซค์,บางนา,2022-10-21,5.0
22924,มอเตอร์ไซค์,บางนา,2023-02-03,4.06
22925,มอเตอร์ไซค์,บางกะปิ,2024-06-25,4.88
22926,มอเตอร์ไซค์,วัฒนา,2023-12-11,4.32
22927,มอเตอร์ไซค์,คลองเตย,2023-02-22,4.27
22928,มอเตอร์ไซค์,บางนา,2023-03-31,3.8
22929,มอเตอร์ไซค์,สาทร,2023-10-16,4.33
22930,มอเตอร์ไซค์,สวนหลวง,2023-02-04,4.66
22931,รถยนต์,ห้วยขวาง,2022-07-06,4.55
22932,มอเตอร์ไซค์,สวนหลวง,2022-11-15,4.08
22933,มอเตอร์ไซค์,จตุจักร,2022-08-23,3.79
22934,มอเตอร์ไซค์,บางนา,2024-06-18,4.47
22935,มอเตอร์ไซค์,สวนหลวง,2024-05-17,4.45
22936,มอเตอร์ไซค์,คลองเตย,2024-07-20,3.94
22937,มอเตอร์ไซค์,ลาดพร้าว,2023-02-12,4.4
22938,มอเตอร์ไซค์,วัฒนา,2023-12-18,4.56
22939,มอเตอร์ไซค์,สาทร,2023-01-19,4.84
22940,มอเตอร์ไซค์,ห้วยขวาง,2024-07-10,4.81
22941,มอเตอร์ไซค์,วัฒนา,2022-08-04,4.37
22942,มอเตอร์ไซค์,ดินแดง,2023-10-17,4.22
22943,มอเตอร์ไซค์,ห้วยขวาง,2024-01-04,4.59
22944,มอเตอร์ไซค์,จตุจักร,2023-04-30,3.96
22945,มอเตอร์ไซค์,บางนา,2024-05-16,4.7
22946,มอเตอร์ไซค์,บางนา,2024-06-06,5.0
22947,มอเตอร์ไซค์,สวนหลวง,2023-05-29,3.88
22948,มอเตอร์ไซค์,ห้วยขวาง,2024-06-17,4.61
22949,มอเตอร์ไซค์,วัฒนา,2023-03-01,3.85
22950,มอเตอร์ไซค์,คลองเตย,2023-02-09,4.24
22951,มอเตอร์ไซค์,บางรัก,2023-12-15,4.02
22952,มอเตอร์ไซค์,จตุจักร,2023-05-23,4.64
22953,มอเตอร์ไซค์,คลองเตย,2022-07-01,4.75
22954,มอเตอร์ไซค์,พญาไท,2023-11-10,4.34
22955,มอเตอร์ไซค์,ห้วยขวาง,2023-07-28,5.0
22956,จักรยาน,จตุจักร,2022-10-30,3.71
22957,มอเตอร์ไซค์,จตุจักร,2023-10-17,4.9
22958,จักรยาน,วัฒนา,2023-11-18,4.64
22959,มอเตอร์ไซค์,สวนหลวง,2023-10-14,4.79
22960,มอเตอร์ไซค์,วัฒนา,2022-09-05,4.57
22961,มอเตอร์ไซค์,สวนหลวง,2022-06-27,4.46
22962,มอเตอร์ไซค์,บางนา,2023-05-02,4.03
22963,มอเตอร์ไซค์,สาทร,2023-03-10,4.86
22964,มอเตอร์ไซค์,บางนา,2023-06-29,4.5
22965,มอเตอร์ไซค์,จตุจักร,2024-07-08,4.95
22966,มอเตอร์ไซค์,บางรัก,2023-04-15,4.71
22967,มอเตอร์ไซค์,พญาไท,2022-08-10,4.23
22968,มอเตอร์ไซค์,จตุจักร,2022-06-18,3.89
22969,มอเตอร์ไซค์,บางนา,2023-11-01,4.48
22970,จักรยาน,คลองเตย,2024-01-23,4.34
22971,มอเตอร์ไซค์,ดินแดง,2022-12-31,3.6
22972,มอเตอร์ไซค์,บางกะปิ,2022-11-23,4.37
22973,มอเตอร์ไซค์,ห้วยขวาง,2022-06-13,4.27
22974,มอเตอร์ไซค์,บางนา,2024-01-25,4.28
22975,มอเตอร์ไซค์,สวนหลวง,2022-05-25,3.69
22976,จักรยาน,วัฒนา,2022-07-31,4.51
22977,มอเตอร์ไซค์,วัฒนา,2022-07-14,4.17
22978,มอเตอร์ไซค์,ลาดพร้าว,2022-10-14,4.71
22979,มอเตอร์ไซค์,ดินแดง,2024-06-20,3.86
22980,มอเตอร์ไซค์,พญาไท,2023-11-08,4.48
22981,มอเตอร์ไซค์,บางกะปิ,2023-03-09,3.93
22982,มอเตอร์ไซค์,จตุจักร,2023-11-19,4.24
22983,รถยนต์,คลองเตย,2023-11-04,4.36
22984,มอเตอร์ไซค์,บางกะปิ,2022-08-27,4.24
22985,มอเตอร์ไซค์,ลาดพร้าว,2022-11-01,4.82
22986,มอเตอร์ไซค์,สาทร,2023-04-18,4.62
22987,มอเตอร์ไซค์,สาทร,2023-07-28,4.59
22988,มอเตอร์ไซค์,ห้วยขวาง,2024-02-15,4.17
22989,จักรยาน,ห้วยขวาง,2023-06-12,4.2
22990,มอเตอร์ไซค์,พญาไท,2022-07-04,4.8
22991,มอเตอร์ไซค์,ลาดพร้าว,2023-04-15,4.35
22992,มอเตอร์ไซค์,พญาไท,2023-08-13,4.25
22993,มอเตอร์ไซค์,บางรัก,2024-05-20,4.12
22994,มอเตอร์ไซค์,ห้วยขวาง,2023-08-17,3.81
22995,มอเตอร์ไซค์,คลองเตย,2022-12-21,4.59
22996,มอเตอร์ไซค์,ห้วยขวาง,2023-09-30,4.58
22997,จักรยาน,ลาดพร้าว,2022-08-22,4.62
22998,มอเตอร์ไซค์,จตุจักร,2024-02-05,3.89
22999,มอเตอร์ไซค์,บางนา,2022-07-07,4.92
23000,มอเตอร์ไซค์,บางนา,2022-09-04,5.0
23001,มอเตอร์ไซค์,สวนหลวง,2022-07-09,4.41
23002,มอเตอร์ไซค์,วัฒนา,2022-11-20,4.13
23003,มอเตอร์ไซค์,ลาดพร้าว,2023-04-30,4.31
23004,มอเตอร์ไซค์,คลองเตย,2022-08-08,4.62
23005,มอเตอร์ไซค์,คลองเตย,2023-03-11,4.32
23006,จักรยาน,ดินแดง,2022-11-03,3.86
23007,มอเตอร์ไซค์,คลองเตย,2022-06-09,4.76
23008,มอเตอร์ไซค์,บางรัก,2022-08-18,4.45
23009,มอเตอร์ไซค์,วัฒนา,2023-06-29,4.46
23010,รถยนต์,คลองเตย,2023-10-08,4.42
23011,มอเตอร์ไซค์,ดินแดง,2022-05-25,4.76
23012,มอเตอร์ไซค์,บางนา,2022-07-16,5.0
23013,มอเตอร์ไซค์,พญาไท,2023-07-08,4.65
23014,มอเตอร์ไซค์,บางกะปิ,2023-04-14,4.47
23015,มอเตอร์ไซค์,ลาดพร้าว,2022-09-01,5.0
23016,มอเตอร์ไซค์,ลาดพร้าว,2023-11-29,4.43
23017,มอเตอร์ไซค์,จตุจักร,2022-12-11,4.19
23018,รถยนต์,ลาดพร้าว,2022-09-19,3.95
23019,มอเตอร์ไซค์,บางนา,2023-04-10,4.32
23020,มอเตอร์ไซค์,จตุจักร,2022-07-13,4.31
23021,มอเตอร์ไซค์,สาทร,2024-02-24,4.28
23022,มอเตอร์ไซค์,บางนา,2024-07-06,5.0
23023,มอเตอร์ไซค์,ลาดพร้าว,2022-08-29,5.0
23024,มอเตอร์ไซค์,บางนา,2023-12-02,5.0
23025,มอเตอร์ไซค์,ลาดพร้าว,2024-02-18,4.44
23026,มอเตอร์ไซค์,ห้วยขวาง,2024-07-20,4.26
23027,จักรยาน,จตุจักร,2023-08-24,3.7
23028,มอเตอร์ไซค์,ห้วยขวาง,2022-07-26,4.7
23029,มอเตอร์ไซค์,ห้วยขวาง,2023-09-28,3.78
23030,มอเตอร์ไซค์,จตุจักร,2023-07-07,4.38
23031,มอเตอร์ไซค์,บางกะปิ,2023-11-21,3.72
23032,รถยนต์,คลองเตย,2024-05-12,4.29
23033,มอเตอร์ไซค์,ดินแดง,2022-07-29,4.82
23034,มอเตอร์ไซค์,สวนหลวง,2023-08-18,4.09
23035,มอเตอร์ไซค์,ห้วยขวาง,2023-01-27,3.39
23036,จักรยาน,สาทร,2024-03-20,4.56
23037,มอเตอร์ไซค์,สวนหลวง,2022-05-27,4.47
23038,มอเตอร์ไซค์,คลองเตย,2022-06-01,4.88
23039,มอเตอร์ไซค์,วัฒนา,2023-09-19,4.58
23040,มอเตอร์ไซค์,วัฒนา,2022-08-27,4.85
23041,มอเตอร์ไซค์,วัฒนา,2022-09-02,4.64
23042,มอเตอร์ไซค์,สาทร,2024-07-23,4.49
23043,มอเตอร์ไซค์,สวนหลวง,2023-03-30,3.75
23044,มอเตอร์ไซค์,สวนหลวง,2024-07-12,4.07
23045,มอเตอร์ไซค์,ห้วยขวาง,2023-03-29,4.97
23046,มอเตอร์ไซค์,บางนา,2023-09-16,4.51
23047,มอเตอร์ไซค์,ห้วยขวาง,2024-06-29,4.38
23048,มอเตอร์ไซค์,ลาดพร้าว,2023-08-13,4.79
23049,จักรยาน,ลาดพร้าว,2024-01-18,4.42
23050,มอเตอร์ไซค์,ห้วยขวาง,2023-10-09,5.0
23051,มอเตอร์ไซค์,ห้วยขวาง,2023-12-23,4.31
23052,มอเตอร์ไซค์,บางนา,2023-05-28,4.62
23053,จักรยาน,คลองเตย,2022-06-28,4.62
23054,มอเตอร์ไซค์,ลาดพร้าว,2022-11-02,4.48
23055,มอเตอร์ไซค์,ห้วยขวาง,2023-10-22,4.55
23056,มอเตอร์ไซค์,ห้วยขวาง,2023-07-28,4.7
23057,มอเตอร์ไซค์,สาทร,2023-08-19,4.99
23058,มอเตอร์ไซค์,บางกะปิ,2023-06-01,3.82
23059,มอเตอร์ไซค์,ดินแดง,2022-08-10,4.21
23060,มอเตอร์ไซค์,คลองเตย,2024-05-18,5.0
23061,มอเตอร์ไซค์,วัฒนา,2022-09-23,3.83
23062,มอเตอร์ไซค์,จตุจักร,2024-02-13,4.21
23063,มอเตอร์ไซค์,สาทร,2023-02-11,4.6
23064,มอเตอร์ไซค์,วัฒนา,2023-01-09,3.69
23065,มอเตอร์ไซค์,คลองเตย,2024-03-28,4.65
23066,มอเตอร์ไซค์,วัฒนา,2022-08-28,4.36
23067,มอเตอร์ไซค์,สวนหลวง,2024-06-16,4.51
23068,มอเตอร์ไซค์,จตุจักร,2023-06-13,4.61
23069,มอเตอร์ไซค์,คลองเตย,2024-04-22,4.08
23070,มอเตอร์ไซค์,ลาดพร้าว,2023-01-28,4.93
23071,มอเตอร์ไซค์,ห้วยขวาง,2022-12-29,3.63
23072,มอเตอร์ไซค์,บางกะปิ,2023-11-06,4.41
23073,มอเตอร์ไซค์,จตุจักร,2023-11-09,4.5
23074,มอเตอร์ไซค์,บางนา,2024-01-21,4.12
23075,มอเตอร์ไซค์,บางกะปิ,2024-03-22,4.84
23076,มอเตอร์ไซค์,บางนา,2023-08-13,4.39
23077,มอเตอร์ไซค์,คลองเตย,2022-06-20,4.13
23078,มอเตอร์ไซค์,จตุจักร,2024-03-24,4.25
23079,มอเตอร์ไซค์,วัฒนา,2023-05-19,4.26
23080,มอเตอร์ไซค์,ห้วยขวาง,2024-04-01,4.21
23081,มอเตอร์ไซค์,สาทร,2023-01-18,4.65
23082,จักรยาน,ลาดพร้าว,2024-05-03,4.03
23083,มอเตอร์ไซค์,สาทร,2022-11-04,4.81
23084,มอเตอร์ไซค์,ดินแดง,2023-12-29,4.54
23085,มอเตอร์ไซค์,คลองเตย,2022-07-08,4.43
23086,มอเตอร์ไซค์,วัฒนา,2023-01-21,4.39
23087,มอเตอร์ไซค์,บางรัก,2024-04-11,4.76
23088,มอเตอร์ไซค์,ห้วยขวาง,2024-05-08,4.61
23089,จักรยาน,ลาดพร้าว,2023-11-12,3.81
23090,รถยนต์,ลาดพร้าว,2024-02-25,5.0
23091,มอเตอร์ไซค์,บางนา,2024-06-30,4.16
23092,มอเตอร์ไซค์,ห้วยขวาง,2023-02-01,4.98
23093,มอเตอร์ไซค์,พญาไท,2024-04-13,3.61
23094,มอเตอร์ไซค์,ห้วยขวาง,2023-06-25,4.32
23095,มอเตอร์ไซค์,บางกะปิ,2024-03-26,4.4
23096,มอเตอร์ไซค์,คลองเตย,2024-05-04,4.37
23097,มอเตอร์ไซค์,สาทร,2023-09-28,4.18
23098,มอเตอร์ไซค์,ลาดพร้าว,2024-03-02,4.12
23099,มอเตอร์ไซค์,ลาดพร้าว,2023-12-24,4.12
23100,มอเตอร์ไซค์,พญาไท,2024-04-18,3.91
23101,จักรยาน,คลองเตย,2023-08-20,4.77
23102,มอเตอร์ไซค์,บางกะปิ,2023-12-24,4.32
23103,มอเตอร์ไซค์,จตุจักร,2023-09-25,4.76
23104,จักรยาน,บางนา,2024-01-22,4.88
23105,มอเตอร์ไซค์,สาทร,2024-01-18,4.27
23106,มอเตอร์ไซค์,ลาดพร้าว,2022-08-05,4.22
23107,มอเตอร์ไซค์,พญาไท,2023-06-11,4.55
23108,มอเตอร์ไซค์,ลาดพร้าว,2022-08-14,4.66
23109,มอเตอร์ไซค์,ลาดพร้าว,2023-03-15,4.16
23110,มอเตอร์ไซค์,บางกะปิ,2022-07-15,4.25
23111,มอเตอร์ไซค์,พญาไท,2024-02-07,4.7
23112,มอเตอร์ไซค์,จตุจักร,2023-07-16,4.31
23113,มอเตอร์ไซค์,คลองเตย,2023-10-24,4.26
23114,มอเตอร์ไซค์,สาทร,2022-06-30,4.66
23115,มอเตอร์ไซค์,ลาดพร้าว,2023-01-15,3.98
23116,มอเตอร์ไซค์,พญาไท,2023-08-05,3.68
23117,มอเตอร์ไซค์,บางนา,2022-08-30,4.1
23118,จักรยาน,พญาไท,2024-07-04,4.76
23119,มอเตอร์ไซค์,ลาดพร้าว,2024-01-22,3.8
23120,มอเตอร์ไซค์,ลาดพร้าว,2024-04-27,4.37
23121,มอเตอร์ไซค์,บางกะปิ,2024-01-12,4.46
23122,มอเตอร์ไซค์,ลาดพร้าว,2022-12-26,4.9
23123,มอเตอร์ไซค์,บางนา,2023-12-01,4.41
23124,จักรยาน,ห้วยขวาง,2024-03-03,4.58
23125,มอเตอร์ไซค์,ลาดพร้าว,2023-12-27,4.41
23126,มอเตอร์ไซค์,สาทร,2023-05-09,4.29
23127,มอเตอร์ไซค์,วัฒนา,2023-05-09,4.01
23128,มอเตอร์ไซค์,ดินแดง,2023-09-22,3.88
23129,มอเตอร์ไซค์,บางกะปิ,2022-09-04,4.6
23130,มอเตอร์ไซค์,บางกะปิ,2023-01-21,3.72
23131,มอเตอร์ไซค์,สาทร,2023-08-09,4.21
23132,มอเตอร์ไซค์,สาทร,2024-01-25,4.16
23133,มอเตอร์ไซค์,สาทร,2024-04-20,4.28
23134,มอเตอร์ไซค์,จตุจักร,2024-07-12,4.0
23135,จักรยาน,บางนา,2024-07-13,5.0
23136,มอเตอร์ไซค์,บางนา,2023-05-31,5.0
23137,มอเตอร์ไซค์,ห้วยขวาง,2022-12-13,3.96
23138,มอเตอร์ไซค์,บางกะปิ,2023-12-12,4.07
23139,จักรยาน,พญาไท,2023-06-07,4.47
23140,มอเตอร์ไซค์,วัฒนา,2023-12-19,3.93
23141,มอเตอร์ไซค์,พญาไท,2024-04-06,3.96
23142,จักรยาน,บางกะปิ,2024-06-29,4.45
23143,มอเตอร์ไซค์,สาทร,2024-03-19,3.95
23144,มอเตอร์ไซค์,บางรัก,2023-01-15,4.84
23145,มอเตอร์ไซค์,บางนา,2022-08-19,4.65
23146,มอเตอร์ไซค์,จตุจักร,2024-01-24,5.0
23147,มอเตอร์ไซค์,สาทร,2023-06-04,4.63
23148,มอเตอร์ไซค์,จตุจักร,2022-11-10,4.79
23149,มอเตอร์ไซค์,สวนหลวง,2024-01-25,3.87
23150,จักรยาน,สวนหลวง,2023-11-23,4.11
23151,จักรยาน,บางนา,2023-11-28,4.45
23152,มอเตอร์ไซค์,คลองเตย,2023-01-09,4.26
23153,มอเตอร์ไซค์,ห้วยขวาง,2024-07-20,4.04
23154,มอเตอร์ไซค์,บางกะปิ,2022-06-12,4.25
23155,มอเตอร์ไซค์,สวนหลวง,2024-02-19,4.12
23156,มอเตอร์ไซค์,ลาดพร้าว,2024-04-14,4.29
23157,มอเตอร์ไซค์,บางนา,2022-07-26,4.1
23158,มอเตอร์ไซค์,บางกะปิ,2022-12-31,4.49
23159,จักรยาน,สาทร,2023-01-03,4.17
23160,มอเตอร์ไซค์,บางรัก,2024-02-05,4.17
23161,มอเตอร์ไซค์,จตุจักร,2022-08-06,4.68
23162,มอเตอร์ไซค์,สาทร,2023-10-14,4.41
23163,มอเตอร์ไซค์,ลาดพร้าว,2024-06-13,4.96
23164,มอเตอร์ไซค์,คลองเตย,2022-06-25,3.71
23165,มอเตอร์ไซค์,บางกะปิ,2022-08-12,3.92
23166,มอเตอร์ไซค์,สวนหลวง,2023-11-25,4.42
23167,มอเตอร์ไซค์,วัฒนา,2023-05-13,4.71
23168,จักรยาน,ห้วยขวาง,2023-12-15,4.61
23169,มอเตอร์ไซค์,คลองเตย,2024-06-01,3.86
23170,มอเตอร์ไซค์,วัฒนา,2024-03-05,4.17
23171,มอเตอร์ไซค์,บางนา,2023-03-05,4.06
23172,มอเตอร์ไซค์,บางนา,2023-12-31,4.07
23173,จักรยาน,บางกะปิ,2024-04-03,4.27
23174,มอเตอร์ไซค์,สาทร,2024-01-18,4.59
23175,จักรยาน,จตุจักร,2022-07-01,4.43
23176,มอเตอร์ไซค์,ลาดพร้าว,2023-09-29,3.44
23177,มอเตอร์ไซค์,ห้วยขวาง,2024-06-24,4.73
23178,มอเตอร์ไซค์,ห้วยขวาง,2023-09-28,3.84
23179,มอเตอร์ไซค์,พญาไท,2023-09-20,4.34
23180,จักรยาน,บางรัก,2022-07-17,3.64
23181,มอเตอร์ไซค์,สวนหลวง,2022-11-11,5.0
23182,มอเตอร์ไซค์,ห้วยขวาง,2023-08-26,4.02
23183,มอเตอร์ไซค์,วัฒนา,2022-11-09,4.08
23184,มอเตอร์ไซค์,บางกะปิ,2024-06-06,4.5
23185,มอเตอร์ไซค์,ดินแดง,2022-08-03,4.9
23186,มอเตอร์ไซค์,สวนหลวง,2024-02-27,4.73
23187,มอเตอร์ไซค์,สาทร,2024-05-25,4.39
23188,รถยนต์,จตุจักร,2023-06-06,4.65
23189,มอเตอร์ไซค์,บางกะปิ,2023-05-01,4.73
23190,มอเตอร์ไซค์,ดินแดง,2023-08-10,4.94
23191,รถยนต์,บางนา,2023-01-23,4.88
23192,มอเตอร์ไซค์,บางรัก,2024-03-09,4.39
23193,มอเตอร์ไซค์,ดินแดง,2023-11-10,3.96
23194,มอเตอร์ไซค์,พญาไท,2024-06-21,4.39
23195,มอเตอร์ไซค์,บางนา,2023-09-18,4.64
23196,มอเตอร์ไซค์,คลองเตย,2023-04-24,5.0
23197,มอเตอร์ไซค์,ลาดพร้าว,2024-07-03,4.48
23198,มอเตอร์ไซค์,ห้วยขวาง,2022-12-04,4.17
23199,มอเตอร์ไซค์,ลาดพร้าว,2022-10-18,5.0
23200,มอเตอร์ไซค์,ห้วยขวาง,2023-12-18,4.63
23201,มอเตอร์ไซค์,ห้วยขวาง,2022-11-09,4.46
23202,มอเตอร์ไซค์,วัฒนา,2024-01-24,4.14
23203,มอเตอร์ไซค์,ลาดพร้าว,2023-11-24,4.42
23204,มอเตอร์ไซค์,บางกะปิ,2023-10-10,4.73
23205,มอเตอร์ไซค์,ห้วยขวาง,2024-03-27,4.29
23206,มอเตอร์ไซค์,บางกะปิ,2023-01-19,4.18
23207,มอเตอร์ไซค์,ลาดพร้าว,2023-05-16,4.77
23208,จักรยาน,บางรัก,2024-07-26,4.3
23209,มอเตอร์ไซค์,บางกะปิ,2023-12-30,5.0
23210,มอเตอร์ไซค์,บางรัก,2023-10-20,4.59
23211,มอเตอร์ไซค์,บางนา,2023-02-18,4.52
23212,มอเตอร์ไซค์,คลองเตย,2022-06-29,4.95
23213,มอเตอร์ไซค์,สาทร,2023-03-25,4.68
23214,มอเตอร์ไซค์,วัฒนา,2023-08-30,3.67
23215,มอเตอร์ไซค์,บางกะปิ,2022-09-12,4.55
23216,มอเตอร์ไซค์,คลองเตย,2022-10-30,4.32
23217,มอเตอร์ไซค์,บางนา,2023-01-06,4.17
23218,มอเตอร์ไซค์,จตุจักร,2022-12-01,4.96
23219,มอเตอร์ไซค์,บางรัก,2022-10-04,4.75
23220,มอเตอร์ไซค์,บางนา,2022-09-06,4.06
23221,มอเตอร์ไซค์,ห้วยขวาง,2022-12-29,4.74
23222,มอเตอร์ไซค์,จตุจักร,2022-10-13,4.67
23223,มอเตอร์ไซค์,ห้วยขวาง,2023-02-19,3.78
23224,มอเตอร์ไซค์,บางรัก,2023-06-04,5.0
23225,มอเตอร์ไซค์,บางนา,2022-10-27,3.89
23226,รถยนต์,วัฒนา,2024-02-15,4.4
23227,มอเตอร์ไซค์,บางรัก,2023-03-20,5.0
23228,มอเตอร์ไซค์,สาทร,2024-02-22,4.74
23229,มอเตอร์ไซค์,จตุจักร,2023-11-16,4.14
23230,มอเตอร์ไซค์,สาทร,2023-09-06,4.57
23231,มอเตอร์ไซค์,พญาไท,2022-11-13,5.0
23232,มอเตอร์ไซค์,พญาไท,2023-03-23,4.78
23233,มอเตอร์ไซค์,วัฒนา,2023-09-28,4.44
23234,มอเตอร์ไซค์,บางนา,2024-02-20,3.88
23235,รถยนต์,จตุจักร,2023-01-06,2.9
23236,จักรยาน,บางนา,2024-04-01,4.75
23237,มอเตอร์ไซค์,ห้วยขวาง,2023-10-11,3.74
23238,มอเตอร์ไซค์,บางนา,2022-09-16,4.88
23239,มอเตอร์ไซค์,จตุจักร,2023-01-26,3.92
23240,มอเตอร์ไซค์,ดินแดง,2023-01-17,4.59
23241,มอเตอร์ไซค์,ห้วยขวาง,2022-07-11,5.0
23242,มอเตอร์ไซค์,ลาดพร้าว,2022-06-12,4.47
23243,มอเตอร์ไซค์,บางกะปิ,2024-02-29,4.19
23244,มอเตอร์ไซค์,บางรัก,2023-12-02,4.29
23245,จักรยาน,บางกะปิ,2023-07-24,4.71
23246,มอเตอร์ไซค์,บางกะปิ,2022-06-28,3.88
23247,มอเตอร์ไซค์,บางกะปิ,2024-05-16,4.39
23248,มอเตอร์ไซค์,ลาดพร้าว,2023-06-02,4.21
23249,มอเตอร์ไซค์,จตุจักร,2024-03-19,4.16
23250,มอเตอร์ไซค์,สาทร,2024-01-16,4.5
23251,มอเตอร์ไซค์,ห้วยขวาง,2024-04-16,4.24
23252,จักรยาน,จตุจักร,2023-07-10,4.07
23253,มอเตอร์ไซค์,ลาดพร้าว,2024-03-19,4.68
23254,มอเตอร์ไซค์,ลาดพร้าว,2024-03-09,3.69
23255,มอเตอร์ไซค์,ลาดพร้าว,2022-12-09,4.53
23256,จักรยาน,บางกะปิ,2022-12-12,4.18
23257,มอเตอร์ไซค์,วัฒนา,2023-08-23,4.44
23258,มอเตอร์ไซค์,ดินแดง,2023-08-23,4.96
23259,มอเตอร์ไซค์,ดินแดง,2022-09-03,4.42
23260,มอเตอร์ไซค์,ห้วยขวาง,2024-01-07,3.91
23261,มอเตอร์ไซค์,คลองเตย,2023-08-14,4.42
23262,มอเตอร์ไซค์,คลองเตย,2023-08-24,4.61
23263,มอเตอร์ไซค์,สวนหลวง,2024-03-24,4.28
23264,มอเตอร์ไซค์,พญาไท,2023-03-21,3.86
23265,มอเตอร์ไซค์,ดินแดง,2022-06-04,3.7
23266,มอเตอร์ไซค์,บางรัก,2024-03-26,4.35
23267,มอเตอร์ไซค์,บางนา,2023-06-10,4.21
23268,มอเตอร์ไซค์,ห้วยขวาง,2023-04-25,4.94
23269,จักรยาน,สวนหลวง,2023-12-08,3.76
23270,มอเตอร์ไซค์,ลาดพร้าว,2024-04-27,4.64
23271,มอเตอร์ไซค์,พญาไท,2023-11-12,4.15
23272,จักรยาน,บางนา,2022-11-28,4.83
23273,มอเตอร์ไซค์,วัฒนา,2022-06-30,4.63
23274,มอเตอร์ไซค์,บางกะปิ,2022-08-25,4.26
23275,มอเตอร์ไซค์,สาทร,2023-06-05,4.19
23276,มอเตอร์ไซค์,สาทร,2022-09-12,4.73
23277,มอเตอร์ไซค์,ดินแดง,2024-01-07,4.54
23278,มอเตอร์ไซค์,ลาดพร้าว,2022-07-29,5.0
23279,มอเตอร์ไซค์,บางกะปิ,2022-09-28,4.79
23280,มอเตอร์ไซค์,วัฒนา,2023-01-17,4.45
23281,มอเตอร์ไซค์,พญาไท,2023-05-01,3.01
23282,จักรยาน,บางนา,2024-05-18,4.43
23283,มอเตอร์ไซค์,ลาดพร้าว,2023-10-25,4.83
23284,มอเตอร์ไซค์,ดินแดง,2023-01-28,5.0
23285,จักรยาน,ลาดพร้าว,2023-04-07,4.78
23286,มอเตอร์ไซค์,บางรัก,2023-05-22,4.44
23287,จักรยาน,บางรัก,2022-11-10,4.39
23288,มอเตอร์ไซค์,ห้วยขวาง,2022-07-23,4.44
23289,มอเตอร์ไซค์,สวนหลวง,2023-09-07,3.96
23290,มอเตอร์ไซค์,บางรัก,2024-03-28,3.51
23291,มอเตอร์ไซค์,บางรัก,2023-07-18,4.14
23292,มอเตอร์ไซค์,พญาไท,2023-10-23,4.06
23293,มอเตอร์ไซค์,สวนหลวง,2023-04-29,4.11
23294,มอเตอร์ไซค์,ดินแดง,2023-12-18,5.0
23295,มอเตอร์ไซค์,คลองเตย,2023-09-15,4.19
23296,มอเตอร์ไซค์,ลาดพร้าว,2022-09-15,4.04
23297,มอเตอร์ไซค์,บางกะปิ,2023-04-01,4.73
23298,จักรยาน,ลาดพร้าว,2024-04-02,4.73
23299,มอเตอร์ไซค์,พญาไท,2024-04-21,3.9
23300,มอเตอร์ไซค์,ห้วยขวาง,2022-07-18,4.19
23301,มอเตอร์ไซค์,ลาดพร้าว,2024-02-26,4.67
23302,มอเตอร์ไซค์,บางรัก,2023-12-16,5.0
23303,มอเตอร์ไซค์,ห้วยขวาง,2023-08-25,5.0
23304,มอเตอร์ไซค์,ลาดพร้าว,2023-05-21,4.83
23305,มอเตอร์ไซค์,สวนหลวง,2022-12-07,4.41
23306,จักรยาน,สวนหลวง,2024-04-13,3.9
23307,มอเตอร์ไซค์,บางนา,2023-07-25,4.55
23308,มอเตอร์ไซค์,วัฒนา,2023-12-24,4.46
23309,มอเตอร์ไซค์,ดินแดง,2023-10-28,4.1
23310,มอเตอร์ไซค์,จตุจักร,2023-10-19,5.0
23311,มอเตอร์ไซค์,จตุจักร,2024-03-10,3.28
23312,มอเตอร์ไซค์,จตุจักร,2022-10-09,4.0
23313,จักรยาน,ดินแดง,2022-11-16,3.75
23314,มอเตอร์ไซค์,พญาไท,2023-09-03,4.46
23315,มอเตอร์ไซค์,ห้วยขวาง,2023-05-03,4.3
23316,มอเตอร์ไซค์,ลาดพร้าว,2022-06-12,4.02
23317,มอเตอร์ไซค์,สาทร,2024-05-30,3.56
23318,มอเตอร์ไซค์,บางนา,2022-07-09,4.6
23319,จักรยาน,บางรัก,2023-02-21,3.7
23320,มอเตอร์ไซค์,สวนหลวง,2023-06-04,5.0
23321,มอเตอร์ไซค์,บางรัก,2022-07-25,3.86
23322,มอเตอร์ไซค์,ห้วยขวาง,2024-03-01,4.75
23323,มอเตอร์ไซค์,วัฒนา,2023-03-19,4.07
23324,รถยนต์,พญาไท,2024-06-23,4.43
23325,จักรยาน,จตุจักร,2022-06-29,3.54
23326,มอเตอร์ไซค์,คลองเตย,2024-03-28,4.53
23327,มอเตอร์ไซค์,สาทร,2022-07-23,4.43
23328,มอเตอร์ไซค์,จตุจักร,2023-01-22,4.24
23329,มอเตอร์ไซค์,จตุจักร,2023-09-18,4.57
23330,จักรยาน,บางรัก,2023-02-15,4.89
23331,มอเตอร์ไซค์,บางนา,2024-04-19,4.31
23332,มอเตอร์ไซค์,บางรัก,2023-09-06,4.15
23333,มอเตอร์ไซค์,คลองเตย,2022-10-28,4.56
23334,จักรยาน,บางนา,2023-10-22,4.19
23335,มอเตอร์ไซค์,บางนา,2022-08-12,4.37
23336,มอเตอร์ไซค์,บางนา,2023-07-30,5.0
23337,มอเตอร์ไซค์,สาทร,2024-02-09,4.38
23338,มอเตอร์ไซค์,ลาดพร้าว,2022-08-05,4.26
23339,มอเตอร์ไซค์,สวนหลวง,2022-06-22,4.56
23340,มอเตอร์ไซค์,สาทร,2023-02-26,3.92
23341,รถยนต์,ลาดพร้าว,2024-03-14,4.41
23342,มอเตอร์ไซค์,คลองเตย,2022-06-04,4.18
23343,มอเตอร์ไซค์,บางนา,2022-09-26,5.0
23344,มอเตอร์ไซค์,คลองเตย,2022-09-07,4.51
23345,มอเตอร์ไซค์,สาทร,2023-02-19,3.64
23346,มอเตอร์ไซค์,ห้วยขวาง,2023-01-05,4.42
23347,มอเตอร์ไซค์,ลาดพร้าว,2023-01-06,3.58
23348,มอเตอร์ไซค์,ห้วยขวาง,2023-06-10,4.84
23349,มอเตอร์ไซค์,คลองเตย,2024-05-19,4.58
23350,มอเตอร์ไซค์,สาทร,2023-09-15,4.94
23351,มอเตอร์ไซค์,สาทร,2023-11-20,4.47
23352,มอเตอร์ไซค์,บางกะปิ,2023-11-30,4.24
23353,มอเตอร์ไซค์,ดินแดง,2022-06-26,4.52
23354,มอเตอร์ไซค์,จตุจักร,2023-08-08,3.75
23355,มอเตอร์ไซค์,จตุจักร,2023-06-24,3.92
23356,จักรยาน,วัฒนา,2023-11-12,4.39
23357,มอเตอร์ไซค์,ดินแดง,2023-06-23,3.85
23358,จักรยาน,บางนา,2024-07-15,4.0
23359,มอเตอร์ไซค์,ลาดพร้าว,2022-12-07,4.7
23360,มอเตอร์ไซค์,พญาไท,2024-07-11,5.0
23361,มอเตอร์ไซค์,ลาดพร้าว,2022-12-27,4.12
23362,มอเตอร์ไซค์,สาทร,2022-11-22,4.06
23363,มอเตอร์ไซค์,บางกะปิ,2023-02-04,4.53
23364,มอเตอร์ไซค์,บางนา,2022-10-11,4.7
23365,มอเตอร์ไซค์,บางนา,2024-03-10,4.19
23366,มอเตอร์ไซค์,วัฒนา,2023-04-20,4.27
23367,มอเตอร์ไซค์,จตุจักร,2023-01-08,4.8
23368,มอเตอร์ไซค์,บางนา,2023-07-31,4.66
23369,รถยนต์,วัฒนา,2022-12-31,4.26
23370,จักรยาน,สาทร,2023-05-04,4.46
23371,มอเตอร์ไซค์,ห้วยขวาง,2022-09-17,4.3
23372,มอเตอร์ไซค์,พญาไท,2023-09-04,4.67
23373,มอเตอร์ไซค์,พญาไท,2023-07-11,3.9
23374,มอเตอร์ไซค์,บางนา,2022-12-29,4.81
23375,มอเตอร์ไซค์,วัฒนา,2023-09-08,4.76
23376,มอเตอร์ไซค์,จตุจักร,2024-03-21,3.64
23377,มอเตอร์ไซค์,บางกะปิ,2024-03-10,4.31
23378,มอเตอร์ไซค์,คลองเตย,2024-05-21,3.92
23379,มอเตอร์ไซค์,บางกะปิ,2023-09-25,4.27
23380,มอเตอร์ไซค์,บางรัก,2023-09-01,4.09
23381,มอเตอร์ไซค์,ลาดพร้าว,2023-12-07,4.8
23382,มอเตอร์ไซค์,สวนหลวง,2022-10-29,4.85
23383,มอเตอร์ไซค์,สาทร,2022-05-26,3.94
23384,มอเตอร์ไซค์,บางรัก,2022-10-26,4.35
23385,มอเตอร์ไซค์,วัฒนา,2022-09-11,4.35
23386,จักรยาน,จตุจักร,2022-07-29,5.0
23387,มอเตอร์ไซค์,ดินแดง,2023-07-26,4.65
23388,จักรยาน,วัฒนา,2024-01-20,3.56
23389,มอเตอร์ไซค์,พญาไท,2023-12-01,4.36
23390,มอเตอร์ไซค์,ห้วยขวาง,2024-03-21,3.63
23391,มอเตอร์ไซค์,บางกะปิ,2022-07-08,4.71
23392,มอเตอร์ไซค์,พญาไท,2023-01-02,4.22
23393,มอเตอร์ไซค์,บางนา,2022-06-03,4.36
23394,มอเตอร์ไซค์,บางรัก,2024-02-28,4.08
23395,มอเตอร์ไซค์,บางนา,2024-04-30,4.83
23396,มอเตอร์ไซค์,สาทร,2023-09-28,4.02
23397,จักรยาน,สาทร,2022-06-07,4.09
23398,มอเตอร์ไซค์,ลาดพร้าว,2022-09-10,3.97
23399,มอเตอร์ไซค์,ห้วยขวาง,2022-08-16,4.53
23400,มอเตอร์ไซค์,ลาดพร้าว,2022-12-10,4.92
23401,มอเตอร์ไซค์,คลองเตย,2024-05-08,4.6
23402,มอเตอร์ไซค์,บางกะปิ,2023-07-01,4.62
23403,มอเตอร์ไซค์,คลองเตย,2023-04-02,4.07
23404,จักรยาน,บางนา,2023-03-17,4.57
23405,จักรยาน,วัฒนา,2023-05-01,4.26
23406,มอเตอร์ไซค์,บางนา,2024-01-14,4.58
23407,มอเตอร์ไซค์,บางนา,2022-10-30,4.36
23408,มอเตอร์ไซค์,วัฒนา,2023-08-13,4.42
23409,รถยนต์,สวนหลวง,2024-04-27,4.42
23410,มอเตอร์ไซค์,บางกะปิ,2024-04-07,4.1
23411,มอเตอร์ไซค์,สาทร,2023-01-12,4.01
23412,มอเตอร์ไซค์,ลาดพร้าว,2023-01-03,4.2
23413,มอเตอร์ไซค์,ดินแดง,2023-07-08,4.52
23414,จักรยาน,ลาดพร้าว,2023-02-10,4.42
23415,มอเตอร์ไซค์,บางรัก,2024-05-20,4.68
23416,มอเตอร์ไซค์,วัฒนา,2023-11-28,4.5
23417,มอเตอร์ไซค์,บางรัก,2022-06-20,4.92
23418,มอเตอร์ไซค์,สาทร,2024-06-12,4.52
23419,มอเตอร์ไซค์,บางนา,2022-08-09,4.13
23420,มอเตอร์ไซค์,สวนหลวง,2024-05-05,3.66
23421,มอเตอร์ไซค์,พญาไท,2024-04-25,3.94
23422,มอเตอร์ไซค์,จตุจักร,2022-10-16,4.31
23423,รถยนต์,บางกะปิ,2024-07-17,3.4
23424,มอเตอร์ไซค์,บางกะปิ,2024-06-17,4.75
23425,จักรยาน,บางกะปิ,2023-01-11,4.43
23426,มอเตอร์ไซค์,สาทร,2024-04-10,3.95
23427,มอเตอร์ไซค์,จตุจักร,2024-04-11,5.0
23428,รถยนต์,บางนา,2024-03-16,4.68
23429,จักรยาน,ห้วยขวาง,2024-07-23,4.43
23430,จักรยาน,จตุจักร,2022-12-18,4.78
23431,มอเตอร์ไซค์,ดินแดง,2022-07-01,4.31
23432,มอเตอร์ไซค์,บางนา,2023-02-08,4.91
23433,มอเตอร์ไซค์,ห้วยขวาง,2023-12-26,4.18
23434,มอเตอร์ไซค์,วัฒนา,2024-04-28,4.13
23435,มอเตอร์ไซค์,วัฒนา,2024-07-23,4.29
23436,มอเตอร์ไซค์,บางนา,2023-06-01,4.92
23437,มอเตอร์ไซค์,ลาดพร้าว,2022-09-28,4.61
23438,มอเตอร์ไซค์,ห้วยขวาง,2023-07-31,4.69
23439,จักรยาน,สาทร,2023-01-17,4.8
23440,มอเตอร์ไซค์,พญาไท,2022-07-30,4.32
23441,มอเตอร์ไซค์,จตุจักร,2023-04-05,4.3
23442,มอเตอร์ไซค์,สาทร,2022-12-10,4.99
23443,มอเตอร์ไซค์,ห้วยขวาง,2022-06-07,4.14
23444,รถยนต์,ดินแดง,2022-12-11,4.54
23445,มอเตอร์ไซค์,ลาดพร้าว,2023-10-02,4.07
23446,มอเตอร์ไซค์,วัฒนา,2022-06-28,4.15
23447,มอเตอร์ไซค์,บางรัก,2022-06-17,4.78
23448,รถยนต์,คลองเตย,2022-08-07,4.79
23449,มอเตอร์ไซค์,วัฒนา,2022-12-25,5.0
23450,มอเตอร์ไซค์,ดินแดง,2023-06-15,4.17
23451,มอเตอร์ไซค์,บางกะปิ,2022-08-13,3.82
23452,จักรยาน,สวนหลวง,2023-05-15,4.59
23453,มอเตอร์ไซค์,บางรัก,2023-08-10,5.0
23454,มอเตอร์ไซค์,บางนา,2022-06-18,4.63
23455,มอเตอร์ไซค์,จตุจักร,2023-10-03,4.32
23456,มอเตอร์ไซค์,สวนหลวง,2024-01-23,4.01
23457,มอเตอร์ไซค์,พญาไท,2024-03-10,4.22
23458,มอเตอร์ไซค์,สวนหลวง,2024-03-11,4.44
23459,มอเตอร์ไซค์,ห้วยขวาง,2023-07-16,4.24
23460,มอเตอร์ไซค์,ดินแดง,2023-07-28,5.0
23461,มอเตอร์ไซค์,ห้วยขวาง,2022-06-29,4.45
23462,มอเตอร์ไซค์,บางกะปิ,2024-06-07,4.22
23463,มอเตอร์ไซค์,บางนา,2023-11-14,4.85
23464,มอเตอร์ไซค์,บางนา,2022-10-10,5.0
23465,มอเตอร์ไซค์,ห้วยขวาง,2022-07-09,4.7
23466,มอเตอร์ไซค์,สวนหลวง,2023-12-12,3.99
23467,มอเตอร์ไซค์,สวนหลวง,2023-10-03,4.62
23468,มอเตอร์ไซค์,ดินแดง,2022-07-09,4.33
23469,มอเตอร์ไซค์,วัฒนา,2023-09-10,3.92
23470,มอเตอร์ไซค์,ลาดพร้าว,2024-06-04,4.71
23471,มอเตอร์ไซค์,ลาดพร้าว,2024-07-27,3.81
23472,มอเตอร์ไซค์,วัฒนา,2023-09-29,4.3
23473,มอเตอร์ไซค์,ลาดพร้าว,2024-07-16,4.1
23474,รถยนต์,ลาดพร้าว,2022-07-30,4.29
23475,มอเตอร์ไซค์,บางนา,2024-01-20,4.53
23476,มอเตอร์ไซค์,ลาดพร้าว,2023-11-17,4.86
23477,มอเตอร์ไซค์,ห้วยขวาง,2022-10-22,3.67
23478,มอเตอร์ไซค์,ห้วยขวาง,2022-10-02,4.76
23479,มอเตอร์ไซค์,พญาไท,2023-11-23,4.86
23480,จักรยาน,คลองเตย,2023-08-10,4.3
23481,มอเตอร์ไซค์,ลาดพร้าว,2022-08-23,4.03
23482,มอเตอร์ไซค์,พญาไท,2023-01-17,4.37
23483,มอเตอร์ไซค์,วัฒนา,2022-09-22,3.68
23484,มอเตอร์ไซค์,ห้วยขวาง,2023-09-07,4.18
23485,มอเตอร์ไซค์,ห้วยขวาง,2024-03-13,4.24
23486,มอเตอร์ไซค์,ดินแดง,2024-04-19,3.55
23487,มอเตอร์ไซค์,ลาดพร้าว,2024-06-24,4.9
23488,มอเตอร์ไซค์,บางนา,2024-03-07,4.49
23489,มอเตอร์ไซค์,บางกะปิ,2023-08-22,4.03
23490,มอเตอร์ไซค์,พญาไท,2022-06-18,4.45
23491,มอเตอร์ไซค์,ดินแดง,2022-06-15,3.95
23492,มอเตอร์ไซค์,ลาดพร้าว,2023-01-12,4.89
23493,รถยนต์,ห้วยขวาง,2023-09-23,4.32
23494,จักรยาน,ห้วยขวาง,2022-06-27,4.27
23495,มอเตอร์ไซค์,จตุจักร,2023-11-29,4.55
23496,มอเตอร์ไซค์,ลาดพร้าว,2024-06-29,3.82
23497,มอเตอร์ไซค์,บางกะปิ,2022-06-23,4.24
23498,มอเตอร์ไซค์,พญาไท,2022-06-12,4.08
23499,มอเตอร์ไซค์,วัฒนา,2022-08-01,4.03
23500,มอเตอร์ไซค์,วัฒนา,2023-09-09,4.06
